backbone,dataset,method,axis,n,seeds,balanced_accuracy_mean,balanced_accuracy_sd,cohen_kappa_mean,cohen_kappa_sd,macro_f1_mean,macro_f1_sd,weighted_f1_mean,weighted_f1_sd,trainable_parameters_mean,trainable_parameters_sd,selected_epoch_mean,selected_epoch_sd
CBraMod,faced,axis_blind,generic_token_control,3,"42,1024,3407",0.3879495437466452,0.003074728727157686,0.30972327140721184,0.00402838053709594,0.38743783007918375,0.0015401550920990496,0.3864456906541218,0.0018620982913791376,128463958.0,0.0,31.0,3.605551275463989
CBraMod,faced,frozen_probe,none,3,"42,1024,3407",0.377706208624083,0.0022865231560444256,0.29927972065725,0.001148458851428145,0.37887649298285786,0.0024126213327037055,0.37839697677279227,0.0015616451692771216,128404009.0,0.0,35.333333333333336,15.947831618540915
CBraMod,faced,full_finetune,none,3,"42,1024,3407",0.5717928073000537,0.010692513747644248,0.5154193962879748,0.011041946170771939,0.5786026417088078,0.011759187042049705,0.5745957435911215,0.01120218402433392,133287809.0,0.0,23.333333333333332,4.725815626252609
CBraMod,faced,generic_bottleneck,none,3,"42,1024,3407",0.39018607979960634,0.0030903069331572578,0.31229096711084264,0.0030893535166112837,0.3892307856487294,0.0035301620491266375,0.3881903308203765,0.0033446622093586654,128430274.0,0.0,27.666666666666668,8.736894948054104
CBraMod,faced,interaction_aligned,channel,3,"42,1024,3407",0.3794507067453927,0.0037293190816057877,0.30146362146905087,0.0036062494813712247,0.3803801223908987,0.0038462394456485727,0.37999125600157563,0.003528229729719777,128433814.0,0.0,36.0,7.54983443527075
CBraMod,faced,interaction_aligned,channel_patch,3,"42,1024,3407",0.39099123277867237,0.003880760641750569,0.313194312324498,0.004880596887094012,0.3906888305436105,0.003832155608350814,0.389706107040889,0.0041301614821716666,128463619.0,0.0,33.0,13.45362404707371
CBraMod,faced,interaction_aligned,patch,3,"42,1024,3407",0.38678654499910536,0.007055411670183931,0.30927308742548165,0.007197155179359346,0.3872523437539998,0.006294178055557499,0.38663893632938795,0.00599093292749559,128433814.0,0.0,42.333333333333336,5.033222956847166
CBraMod,faced,lora,none,3,"42,1024,3407",0.41742708892467345,0.007435666752430991,0.34168618822608765,0.008550280243791633,0.418168650940705,0.008404169869926965,0.4160802444314703,0.008346132688011541,128480809.0,0.0,14.666666666666666,5.507570547286102
CBraMod,faced,native_full_finetune,channel,3,"42,1024,3407",0.5645016997674003,0.016039378766421333,0.5078555190795054,0.017037018107477545,0.5734871920534892,0.015015621353640847,0.5693316768142537,0.014739601266075111,133317614.0,0.0,27.0,8.717797887081348
CBraMod,faced,native_full_finetune,channel_patch,3,"42,1024,3407",0.5653515834675255,0.004217990779791177,0.5072315302768259,0.004182775834692235,0.5713237715504184,0.003334239648678344,0.5669757116051704,0.0030892814795420885,133347419.0,0.0,26.666666666666668,3.511884584284246
CBraMod,faced,native_full_finetune,patch,3,"42,1024,3407",0.5667382358203614,0.0061235360564632,0.5102350406949319,0.006391429282760038,0.5761222623479515,0.005545429147200565,0.5718766172842602,0.0051659963354559945,133317614.0,0.0,26.333333333333332,5.686240703077327
CBraMod,faced,upper_k_finetune,none,3,"42,1024,3407",0.4034711039541957,0.004666595582660574,0.326351896626118,0.00605770253189372,0.40363995961650967,0.005031935670004301,0.4017976658650105,0.005588477259661493,129209209.0,0.0,34.666666666666664,15.50268793897798
CBraMod,isruc,axis_blind,generic_token_control,3,"42,1024,3407",0.7532958712396746,0.007790104383654845,0.7103919723073946,0.010839446278057687,0.7512394395778063,0.008516771084426016,0.7754185442618017,0.008205536473295492,21647410.0,0.0,14.0,5.5677643628300215
CBraMod,isruc,frozen_probe,none,3,"42,1024,3407",0.7562040134891609,0.0032567188564978145,0.7111970367878265,0.009944812564234323,0.7516455977619592,0.005481066388208884,0.7750524205277783,0.009158532711809659,21587461.0,0.0,15.333333333333334,5.033222956847166
CBraMod,isruc,full_finetune,none,3,"42,1024,3407",0.7810202529376736,0.010487885563444729,0.7405753774236393,0.011634481992388574,0.7779849038976447,0.009864841421011546,0.8008950400997719,0.00823060096797763,26471261.0,0.0,7.666666666666667,6.3508529610858835
CBraMod,isruc,generic_bottleneck,none,3,"42,1024,3407",0.7453075983774077,0.006342440206502871,0.7029874853013178,0.007410709279517361,0.7420946682455406,0.0038545594431790586,0.7676256111282018,0.004192738668836717,21613726.0,0.0,14.666666666666666,5.131601439446884
CBraMod,isruc,interaction_aligned,channel,3,"42,1024,3407",0.7480842224322377,0.004108293049734189,0.7007649683698792,0.00882364640958951,0.737630005945412,0.01137314161723558,0.763004634996644,0.00997432706189835,21604700.666666668,10881.897873686066,11.666666666666666,3.7859388972001824
CBraMod,isruc,interaction_aligned,channel_patch,3,"42,1024,3407",0.7530559498028488,0.00580818995874815,0.7145801846288717,0.0029047026742615783,0.7484472456173615,0.00700781407820149,0.7752295577555739,0.0038937967602086523,21621940.333333332,21763.795747372133,11.666666666666666,3.7859388972001824
CBraMod,isruc,interaction_aligned,patch,3,"42,1024,3407",0.7484250677489114,0.00485634643187878,0.7033360303592718,0.008639526519698335,0.7415143953150146,0.015015806501734476,0.7667403440350113,0.01086325990492312,21604700.666666668,10881.897873686066,12.666666666666666,3.511884584284246
CBraMod,isruc,lora,none,3,"42,1024,3407",0.7513696190917086,0.004537507361756392,0.7096292881254959,0.008450895042733447,0.74660064500332,0.007034449322106708,0.7734788536143595,0.006331972307493197,21664261.0,0.0,12.666666666666666,5.507570547286102
CBraMod,isruc,native_full_finetune,channel,3,"42,1024,3407",0.7809486946588508,0.005829871354848851,0.7431639855009023,0.000988936490424587,0.7793397804768556,0.004685200795194689,0.8016910859306213,0.002031740987332544,26501066.0,0.0,9.0,4.58257569495584
CBraMod,isruc,native_full_finetune,channel_patch,3,"42,1024,3407",0.7829149127993298,0.011773398381809018,0.7441967431974007,0.012475819493718364,0.7781834315118614,0.0154565077708047,0.8009742113180369,0.01291308848190661,26530871.0,0.0,11.333333333333334,7.767453465154029
CBraMod,isruc,native_full_finetune,patch,3,"42,1024,3407",0.7701257716904866,0.004446925449948906,0.7354475003671503,0.007507632129415652,0.7677044620973825,0.005435811421230704,0.7923869111005788,0.006397341611704105,26501066.0,0.0,7.0,2.6457513110645907
CBraMod,isruc,upper_k_finetune,none,3,"42,1024,3407",0.7773589789158524,0.0016301095507792354,0.7405109158643871,0.008964640760406801,0.7724919533805691,0.00279998177371847,0.7972003305041926,0.007134630554646139,22392661.0,0.0,7.0,1.7320508075688772
CBraMod,physionet_mi,axis_blind,generic_token_control,3,"42,1024,3407",0.5393752342987977,0.004088988715739184,0.3857638880949554,0.005501782775120139,0.5423753334205476,0.006564197534407305,0.5423483866964891,0.006572517608274641,41181753.0,0.0,4.666666666666667,1.5275252316519468
CBraMod,physionet_mi,frozen_probe,none,3,"42,1024,3407",0.5434788746183763,0.003641286952674422,0.39120966026373494,0.0049001220179600595,0.5454724115369286,0.0038083787104693703,0.5454409760921585,0.00383118212474694,41121804.0,0.0,8.666666666666666,2.8867513459481287
CBraMod,physionet_mi,full_finetune,none,3,"42,1024,3407",0.6227507354048738,0.004228106350235006,0.4969199207830095,0.005610638641063079,0.6237671183411168,0.004143212502629929,0.6237423686623186,0.0041364838547989944,46005604.0,0.0,16.0,1.0
CBraMod,physionet_mi,generic_bottleneck,none,3,"42,1024,3407",0.5507952400999209,0.010367965178624998,0.4010127189960499,0.013833490962529,0.5526669547559613,0.009158881947497683,0.5526360204772569,0.009154649511151346,41148069.0,0.0,4.666666666666667,3.0550504633038935
CBraMod,physionet_mi,interaction_aligned,channel,3,"42,1024,3407",0.5449240657411689,0.008974487944910663,0.39315367304036325,0.011960148864383475,0.5465063067579387,0.007026950800173427,0.5464674544695074,0.007007728664663479,41151609.0,0.0,6.666666666666667,4.509249752822894
CBraMod,physionet_mi,interaction_aligned,channel_patch,3,"42,1024,3407",0.5465450905008633,0.009013290768781164,0.395346394090354,0.01202038465702082,0.5490488758271901,0.009177468440604894,0.5490230556611176,0.009178911668674825,41156283.333333336,21763.795747372133,11.666666666666666,6.6583281184793925
CBraMod,physionet_mi,interaction_aligned,patch,3,"42,1024,3407",0.5419430152002023,0.01881762460120347,0.38920195778797545,0.025099648956647423,0.5416480584626266,0.018885586367043225,0.5416159641175163,0.018874974946958,41151609.0,0.0,3.0,1.7320508075688772
CBraMod,physionet_mi,lora,none,3,"42,1024,3407",0.5493360954990039,0.00427660549931736,0.39906323513520364,0.005678661494237037,0.551625665634248,0.004679699975184603,0.5516113622299051,0.004681083491969757,41198604.0,0.0,10.666666666666666,4.725815626252609
CBraMod,physionet_mi,native_full_finetune,channel,3,"42,1024,3407",0.621442116951778,0.009140660914122987,0.49518579778825833,0.012205269885390394,0.6224970058021437,0.008543154149387663,0.6224702137018255,0.008559930542422016,46035409.0,0.0,18.333333333333332,7.094598884597588
CBraMod,physionet_mi,native_full_finetune,channel_patch,3,"42,1024,3407",0.6246152782474277,0.0014546897138292849,0.4993842215001137,0.0019449263613895609,0.6250826362847725,0.001722752488868076,0.6250410751908922,0.001713131861977216,46065214.0,0.0,16.666666666666668,2.516611478423583
CBraMod,physionet_mi,native_full_finetune,patch,3,"42,1024,3407",0.62625046196899,0.0031067889026856754,0.501590275864183,0.0041240621479088245,0.6274052924247545,0.003133390265476817,0.6273700187828656,0.0031269081388927995,46035409.0,0.0,24.0,8.54400374531753
CBraMod,physionet_mi,upper_k_finetune,none,3,"42,1024,3407",0.5984789863326366,0.007821462890005342,0.4645934620022232,0.010462157116258655,0.6000293134815966,0.009294116255940907,0.5999970511374826,0.009296328790340012,41927004.0,0.0,8.666666666666666,11.547005383792515
CBraMod,seedv,axis_blind,generic_token_control,3,"42,1024,3407",0.3005707474248119,0.008053847067473087,0.12316850003771895,0.010785557571688965,0.29931699668565104,0.010535063511352204,0.30397213636497084,0.0105776777783506,10141954.0,0.0,11.666666666666666,11.547005383792515
CBraMod,seedv,frozen_probe,none,3,"42,1024,3407",0.29868527481993706,0.0011518018654193768,0.12092870057449227,0.001717901818789568,0.2930846438488959,0.004926853541883948,0.29850949504081004,0.0032290751289398853,10082005.0,0.0,13.666666666666666,4.041451884327381
CBraMod,seedv,full_finetune,none,3,"42,1024,3407",0.3876198148911928,0.011498387776681974,0.240803974867807,0.01600747629135879,0.38612209698752187,0.013629105826512822,0.3963813243057734,0.01418700522829357,14965805.0,0.0,15.0,13.0
CBraMod,seedv,generic_bottleneck,none,3,"42,1024,3407",0.29384173878158426,0.0008062965127148146,0.11338612820154315,0.0018807895866726134,0.29142468221386675,0.0030363228705726874,0.2944019657704686,0.004262593799619356,10108270.0,0.0,8.0,5.196152422706632
CBraMod,seedv,interaction_aligned,channel,3,"42,1024,3407",0.29182798112852887,0.004014959162933413,0.11267003316810564,0.005076983344268272,0.2856827491410273,0.004898845895324281,0.2916853323927109,0.003125887892757379,10111810.0,0.0,9.333333333333334,4.041451884327381
CBraMod,seedv,interaction_aligned,patch,3,"42,1024,3407",0.2950850545967181,0.003691399775676855,0.11689025312834607,0.005890629407138656,0.29296512393119734,0.008034945867469749,0.2985272174514308,0.008470275292738985,10111810.0,0.0,14.333333333333334,10.066445913694333
CBraMod,seedv,lora,none,3,"42,1024,3407",0.38382402248274333,0.002691375279862822,0.23313214802600246,0.0023792364394638115,0.3844678762293119,0.001530516770126901,0.39252183526330375,0.0009678434292905197,10158805.0,0.0,18.0,2.6457513110645907
CBraMod,seedv,native_full_finetune,channel,3,"42,1024,3407",0.39531705507625203,0.009184235436504717,0.25073212092908714,0.011598020240523596,0.3946558863988561,0.010179104058027032,0.4049225131838106,0.009922849670620912,14995610.0,0.0,17.0,12.529964086141668
CBraMod,seedv,upper_k_finetune,none,3,"42,1024,3407",0.38980943067281726,0.0013654162633616306,0.23930199265812183,0.0030123153217981274,0.388125708439776,0.005625665954303325,0.3958007624869469,0.006003246333041148,10887205.0,0.0,13.333333333333334,4.041451884327381
CBraMod,tuev,axis_blind,generic_token_control,3,"42,1024,3407",0.4580029030210152,0.008257908403111486,0.45816060644000794,0.01021884382078236,0.4763153481582425,0.005216983948962324,0.7219390734921683,0.005575784715930349,16262355.0,0.0,7.0,5.291502622129181
CBraMod,tuev,frozen_probe,none,3,"42,1024,3407",0.46561404893572755,0.031470478301840354,0.46994569818618237,0.019544956610769697,0.4812952465325982,0.01922408829376042,0.7278635588450506,0.009579839992160895,16202406.0,0.0,8.333333333333334,3.511884584284246
CBraMod,tuev,full_finetune,none,3,"42,1024,3407",0.6201429709506181,0.02412772036961268,0.642443629537175,0.023124390319561376,0.5654569620516641,0.036948438464579965,0.8139259633125607,0.010247571345016934,21086206.0,0.0,7.333333333333333,4.041451884327381
CBraMod,tuev,generic_bottleneck,none,3,"42,1024,3407",0.46115588167714094,0.012404553179112605,0.4412343831601839,0.00765989098288895,0.4741010992635412,0.007005826797361902,0.7121146250952176,0.004621837368261016,16228671.0,0.0,9.0,4.0
CBraMod,tuev,interaction_aligned,channel,3,"42,1024,3407",0.4558947332067463,0.002236673629417967,0.4643181932089294,0.014412599310909564,0.4798212360948523,0.006322034918641614,0.7258355841981697,0.007489606659204431,16232211.0,0.0,8.333333333333334,5.507570547286102
CBraMod,tuev,interaction_aligned,channel_patch,3,"42,1024,3407",0.45479370073544895,0.022266852499489623,0.4496754007901505,0.02122007128994521,0.4719625411943071,0.021564314992547788,0.7173977231830272,0.011227121066351568,16262016.0,0.0,7.0,5.291502622129181
CBraMod,tuev,interaction_aligned,patch,3,"42,1024,3407",0.4552915653467641,0.006836730901628254,0.444335528304772,0.0029274683817452295,0.47215689980050884,0.00841926620828908,0.714501800732353,0.002244347415931459,16232211.0,0.0,10.0,2.6457513110645907
CBraMod,tuev,lora,none,3,"42,1024,3407",0.5550461369354313,0.008971664192907965,0.5447166633296382,0.012303935679354302,0.5265787591324821,0.005516750982476908,0.7641399334397798,0.005946013783720996,16279206.0,0.0,6.666666666666667,4.725815626252609
CBraMod,tuev,native_full_finetune,channel,3,"42,1024,3407",0.6233558397894622,0.021609123878427006,0.6361631777209458,0.04642995796047334,0.5954235845549583,0.04933783584197258,0.811892910030076,0.022315112660228998,21116011.0,0.0,4.666666666666667,3.7859388972001824
CBraMod,tuev,native_full_finetune,channel_patch,3,"42,1024,3407",0.632892204480388,0.014842471252386349,0.6183519330701884,0.03834306941919993,0.5903765341592462,0.05724669829575713,0.7999044918217599,0.01831185351416457,21145816.0,0.0,6.0,6.082762530298219
CBraMod,tuev,native_full_finetune,patch,3,"42,1024,3407",0.6393128789582927,0.011766347440031596,0.6364301982228983,0.02718878558515865,0.6118134567507272,0.030963546639451917,0.8119844242315238,0.015238605630167138,21116011.0,0.0,3.6666666666666665,0.5773502691896257
CBraMod,tuev,upper_k_finetune,none,3,"42,1024,3407",0.5567185306533096,0.031103989893177985,0.5639597583732906,0.03302020143925816,0.5175198770957643,0.020438198630522004,0.7732020372511891,0.015570050417160922,17007606.0,0.0,5.666666666666667,3.0550504633038935
LaBraM,FACED,frozen_native_generic,generic,3,"42,1024,3407",0.1781624619788871,0.002589364043372042,0.0775309408486788,0.0031025664704769085,,,0.17258313894551613,0.0027746925262232417,28074.0,0.0,69.33333333333333,6.3508529610858835
LaBraM,FACED,frozen_native_patch,patch,3,"42,1024,3407",0.16738235820361422,0.007355313904501985,0.06428457551411115,0.007906753547016525,,,0.15637814057344931,0.0007395742931539921,163010.0,0.0,39.333333333333336,2.309401076758503
LaBraM,FACED,frozen_probe,none,3,"42,1024,3407",0.1400071569153695,0.003448329553087873,0.035222706757699784,0.0031208738707254754,,,0.10316768405635572,0.01755502177887704,1809.0,0.0,30.0,13.856406460551018
LaBraM,FACED,lora,qkv,3,"42,1024,3407",0.28234031132581855,0.03240205872763353,0.19177241470051412,0.036204826045444755,,,0.28012555140690215,0.031852416571537326,78609.0,0.0,62.333333333333336,17.009801096230763
LaBraM,FACED,upper2,upper,3,"42,1024,3407",0.29687779567006617,0.0010846623414727317,0.2080992204638428,0.001244822008550054,,,0.2966331059316612,0.0015233410979761785,967169.0,0.0,66.66666666666667,7.371114795831994
LaBraM,ISRUC,axis_blind,generic_token_control,3,"42,1024,3407",0.7232984103817328,0.002186279556552195,0.6831573889890157,0.002126034535355831,,,0.7456101362539256,0.0017647073652331939,162006.0,0.0,22.0,0.0
LaBraM,ISRUC,dense,none,1,42,0.804765071032708,0.0,0.7688569902257629,0.0,,,0.8210639088236777,0.0,6303541.0,0.0,8.0,0.0
LaBraM,PhysioNet-MI,dense,none,3,"42,1024,3407",0.6093160871697446,0.014718908398755564,0.4790947979557488,0.019570979827254895,,,0.6102853714177366,0.01535407451733555,5820740.0,0.0,18.0,2.6457513110645907
LaBraM,PhysioNet-MI,frozen_native_channel_patch,channel_patch,3,"42,1024,3407",0.28325861914369405,0.0052134765174634235,0.04444439907373543,0.006939598671803246,,,0.26723916303577,0.009526440121530276,86614.0,0.0,24.666666666666668,2.8867513459481287
LaBraM,PhysioNet-MI,frozen_native_generic,generic,3,"42,1024,3407",0.2698991211932244,0.0013837926360325081,0.026645113840279826,0.0018522924371916474,,,0.2579724955496814,0.0008587132994566985,27069.0,0.0,20.0,0.0
LaBraM,PhysioNet-MI,frozen_probe,none,3,"42,1024,3407",0.26938285522688343,0.0005333684689070096,0.025903300245300038,0.0007223179072519095,,,0.26176803518297703,0.004921453608360018,804.0,0.0,21.0,1.7320508075688772
LaBraM,PhysioNet-MI,lora,qkv,3,"42,1024,3407",0.5435281707250879,0.025101233745700998,0.39132021656493615,0.03346812167249926,,,0.5437051645101826,0.026720897214694762,77604.0,0.0,29.333333333333332,4.041451884327381
LaBraM,PhysioNet-MI,native_channel,channel,3,"42,1024,3407",0.6153335638828356,0.012284353278062673,0.48687584804569517,0.016476292215776893,,,0.6158716113371522,0.012404478171496508,5863645.0,0.0,13.0,3.4641016151377544
LaBraM,PhysioNet-MI,native_channel_patch,channel_patch,3,"42,1024,3407",0.6252617228681755,0.008173773094238421,0.5001566286649675,0.010875277629986307,,,0.6266840998928171,0.009319683985159578,5906550.0,0.0,11.666666666666666,3.0550504633038935
LaBraM,PhysioNet-MI,native_patch,patch,3,"42,1024,3407",0.6255745237600068,0.010008614271620565,0.500627483672168,0.013416763904307237,,,0.6268976431858022,0.01150968733830019,5863645.0,0.0,9.666666666666666,1.1547005383792515
LaBraM,PhysioNet-MI,upper2,upper,3,"42,1024,3407",0.5155599567013308,0.020187622925858965,0.3539516579929076,0.02694525859783833,,,0.5144516833319278,0.020962376964168725,966164.0,0.0,18.0,9.643650760992955
LaBraM,SEED-V,dense,none,3,"42,1024,3407",0.4067304021134305,0.004889381596765616,0.25859941563155775,0.008221356250826893,,,0.4104588528489061,0.006449525870272569,5820941.0,0.0,23.333333333333332,4.041451884327381
LaBraM,SEED-V,frozen_native_generic,generic,3,"42,1024,3407",0.2953789738407042,0.0009067279881230461,0.11565367394521249,0.0011206011973067418,,,0.2807447271280004,0.0014816999670611802,27270.0,0.0,28.0,0.0
LaBraM,SEED-V,lora,qkv,3,"42,1024,3407",0.28564779613186764,0.003658378973236339,0.10796142536207613,0.005263186714436223,,,0.2786963026706512,0.007117930863302335,77805.0,0.0,31.333333333333332,2.8867513459481287
LaBraM,SEED-V,upper2,upper,3,"42,1024,3407",0.3858627514482355,0.0041267570702310215,0.23444362789004694,0.005425491109527298,,,0.39373705866991354,0.005259515228703631,966365.0,0.0,31.0,1.7320508075688772
LaBraM,TUEV,axis_blind,generic_token_control,3,"42,1024,3407",0.4307415889769473,0.0009546153060217192,0.5269010351372246,0.0014949916796410674,,,0.7522697471800219,0.0008424657853742578,87220.0,0.0,5.0,0.0
LaBraM,TUEV,dense,none,3,"42,1024,3407",0.5865166030701923,0.012005859813107398,0.6125520808678814,0.014673185009537999,,,0.7966837549276519,0.00809736534898016,5821142.0,0.0,1.6666666666666667,1.1547005383792515
LaBraM,TUEV,frozen_native_channel,channel,3,"42,1024,3407",0.43230774655326004,0.018567520429004596,0.46019095960306594,0.030918229684646435,,,0.712795795819605,0.020738509979441773,44111.0,0.0,6.666666666666667,2.309401076758503
LaBraM,TUEV,frozen_native_channel_patch,channel_patch,3,"42,1024,3407",0.3916091186724216,0.01824372336706412,0.4612460221313262,0.047096915421476086,,,0.713140434176896,0.025849208731980277,87016.0,0.0,6.333333333333333,4.163331998932265
LaBraM,TUEV,frozen_native_generic,generic,3,"42,1024,3407",0.4366545837589535,0.012591261653321379,0.5151733478737468,0.013525673221881128,,,0.7457375431003384,0.006759409211066533,27471.0,0.0,7.0,1.7320508075688772
LaBraM,TUEV,frozen_native_patch,patch,3,"42,1024,3407",0.39875710774029066,0.018246413328162573,0.49067589862419286,0.009023480650418438,,,0.7322332337941673,0.005283791025619463,44111.0,0.0,5.333333333333333,2.516611478423583
LaBraM,TUEV,frozen_probe,none,3,"42,1024,3407",0.3657863675540372,0.0,0.44681521755643017,0.0,,,0.7084236754238097,0.0,1206.0,0.0,8.0,0.0
LaBraM,TUEV,lora,qkv,3,"42,1024,3407",0.5716697482007698,0.02294997238594616,0.5812896234160146,0.018330775543948602,,,0.7827892641771527,0.007287222594184466,78006.0,0.0,6.333333333333333,1.5275252316519468
LaBraM,TUEV,native_channel,channel,3,"42,1024,3407",0.5960765441238928,0.0083481095258008,0.5768809864017418,0.00799401437175777,,,0.7804531256732469,0.005701772904272717,5864047.0,0.0,3.6666666666666665,3.0550504633038935
LaBraM,TUEV,native_channel_patch,channel_patch,3,"42,1024,3407",0.5836555927861788,0.022298636973218464,0.5309762454480661,0.02887959964543506,,,0.7494990884751305,0.01605545322206038,5906952.0,0.0,2.3333333333333335,2.309401076758503
LaBraM,TUEV,native_patch,patch,3,"42,1024,3407",0.5794860026740587,0.06368549586917259,0.5793864020809747,0.04550899214786448,,,0.7827281332875016,0.022974430618183477,5864047.0,0.0,5.666666666666667,4.041451884327381
LaBraM,TUEV,upper2,upper,3,"42,1024,3407",0.5412442093173602,0.020359410873853956,0.5637829379966947,0.042299214278663795,,,0.7728780961150581,0.01975270771551935,966566.0,0.0,2.0,1.7320508075688772
