comparison,backbone,dataset,axis,metric,n,seeds,effect_mean,effect_sd,positive_seeds,effect_min,effect_max,scope_note,pair_validity,pair_invalid_reason,parameter_match_pct_mean
aligned_vs_axis_blind,CBraMod,faced,channel,balanced_accuracy,3,"42,1024,3407",-0.00849883700125246,0.005696980215033277,0,-0.014761137949543757,-0.0036231884057971175,,PAIR_STRUCTURALLY_INVALID,parameter mismatch exceeds 5 percent,50.28274032927988
aligned_vs_axis_blind,CBraMod,faced,channel,cohen_kappa,3,"42,1024,3407",-0.00825964993816101,0.006678426960078189,0,-0.015759145148898535,-0.002954407122515823,,PAIR_STRUCTURALLY_INVALID,parameter mismatch exceeds 5 percent,50.28274032927988
aligned_vs_axis_blind,CBraMod,faced,channel,macro_f1,3,"42,1024,3407",-0.007057707688285064,0.0044862978339873195,0,-0.01144751835777219,-0.0024807780107225508,,PAIR_STRUCTURALLY_INVALID,parameter mismatch exceeds 5 percent,50.28274032927988
aligned_vs_axis_blind,CBraMod,faced,channel,weighted_f1,3,"42,1024,3407",-0.006454434652546174,0.004616180431989062,0,-0.011202368892613557,-0.001982382186375309,,PAIR_STRUCTURALLY_INVALID,parameter mismatch exceeds 5 percent,50.28274032927988
aligned_vs_axis_blind,CBraMod,faced,channel_patch,balanced_accuracy,3,"42,1024,3407",0.0030416890320271914,0.004543417163615294,2,-0.0010735373054213682,0.007917337627482535,,PAIR_ARTIFACT_UNVERIFIED,full configuration-level nuisance matching not yet manually confirmed,0.5654806585597758
aligned_vs_axis_blind,CBraMod,faced,channel_patch,cohen_kappa,3,"42,1024,3407",0.0034710409172861536,0.0060822161571193805,2,-0.001961798504074075,0.010041879552812105,,PAIR_ARTIFACT_UNVERIFIED,full configuration-level nuisance matching not yet manually confirmed,0.5654806585597758
aligned_vs_axis_blind,CBraMod,faced,channel_patch,macro_f1,3,"42,1024,3407",0.003251000464426742,0.004050394117373044,3,5.0050544323276824e-05,0.007804631738118573,,PAIR_ARTIFACT_UNVERIFIED,full configuration-level nuisance matching not yet manually confirmed,0.5654806585597758
aligned_vs_axis_blind,CBraMod,faced,channel_patch,weighted_f1,3,"42,1024,3407",0.0032604163867671807,0.004583671262705712,2,-0.00034330823776823616,0.008419348681540761,,PAIR_ARTIFACT_UNVERIFIED,full configuration-level nuisance matching not yet manually confirmed,0.5654806585597758
aligned_vs_axis_blind,CBraMod,faced,patch,balanced_accuracy,3,"42,1024,3407",-0.0011629987475398156,0.004210156598511423,1,-0.004294149221685473,0.0036231884057971175,,PAIR_STRUCTURALLY_INVALID,parameter mismatch exceeds 5 percent,50.28274032927988
aligned_vs_axis_blind,CBraMod,faced,patch,cohen_kappa,3,"42,1024,3407",-0.0004501839817302085,0.003322806684920244,1,-0.0029063773926087944,0.0033306327850589623,,PAIR_STRUCTURALLY_INVALID,parameter mismatch exceeds 5 percent,50.28274032927988
aligned_vs_axis_blind,CBraMod,faced,patch,macro_f1,3,"42,1024,3407",-0.0001854863251839293,0.004810856784103749,1,-0.003460402258370354,0.005337912611120266,,PAIR_STRUCTURALLY_INVALID,parameter mismatch exceeds 5 percent,50.28274032927988
aligned_vs_axis_blind,CBraMod,faced,patch,weighted_f1,3,"42,1024,3407",0.00019324567526612935,0.0041490997043217735,1,-0.0026881359385869663,0.004948790680029291,,PAIR_STRUCTURALLY_INVALID,parameter mismatch exceeds 5 percent,50.28274032927988
aligned_vs_axis_blind,CBraMod,isruc,channel_patch,balanced_accuracy,3,"42,1024,3407",0.004559549790639846,0.017746112403380615,2,-0.01570644927447995,0.01731770967122459,,PAIR_ARTIFACT_UNVERIFIED,full configuration-level nuisance matching not yet manually confirmed,0.5654806585597758
aligned_vs_axis_blind,CBraMod,isruc,channel_patch,cohen_kappa,3,"42,1024,3407",0.004389075298197283,0.024506017196739293,2,-0.023654538046844698,0.021683754067549965,,PAIR_ARTIFACT_UNVERIFIED,full configuration-level nuisance matching not yet manually confirmed,0.5654806585597758
aligned_vs_axis_blind,CBraMod,isruc,channel_patch,macro_f1,3,"42,1024,3407",0.005356434333080344,0.021555906086205737,2,-0.019254343169948895,0.020885068377713978,,PAIR_ARTIFACT_UNVERIFIED,full configuration-level nuisance matching not yet manually confirmed,0.5654806585597758
aligned_vs_axis_blind,CBraMod,isruc,channel_patch,weighted_f1,3,"42,1024,3407",0.0035900747168268188,0.020770348215924214,2,-0.01999304377335076,0.019161152015772398,,PAIR_ARTIFACT_UNVERIFIED,full configuration-level nuisance matching not yet manually confirmed,0.5654806585597758
aligned_vs_axis_blind,CBraMod,physionet_mi,channel,balanced_accuracy,3,"42,1024,3407",0.005548831442371134,0.01145792401445214,2,-0.0038248653166979008,0.018321740638070905,,PAIR_STRUCTURALLY_INVALID,parameter mismatch exceeds 5 percent,50.28274032927988
aligned_vs_axis_blind,CBraMod,physionet_mi,channel,cohen_kappa,3,"42,1024,3407",0.0073897849454078735,0.015269917574480263,2,-0.005139410182349979,0.024398442953055155,,PAIR_STRUCTURALLY_INVALID,parameter mismatch exceeds 5 percent,50.28274032927988
aligned_vs_axis_blind,CBraMod,physionet_mi,channel,macro_f1,3,"42,1024,3407",0.0041309733373910236,0.010247879022791498,2,-0.006423502069166309,0.014041925655862597,,PAIR_STRUCTURALLY_INVALID,parameter mismatch exceeds 5 percent,50.28274032927988
aligned_vs_axis_blind,CBraMod,physionet_mi,channel,weighted_f1,3,"42,1024,3407",0.004119067773018255,0.010233983855062828,2,-0.006428583424771928,0.014007513204901012,,PAIR_STRUCTURALLY_INVALID,parameter mismatch exceeds 5 percent,50.28274032927988
aligned_vs_axis_blind,CBraMod,physionet_mi,patch,balanced_accuracy,3,"42,1024,3407",0.002567780901404452,0.019340871644187095,1,-0.013905014696408813,0.023863832977948696,,PAIR_STRUCTURALLY_INVALID,parameter mismatch exceeds 5 percent,50.28274032927988
aligned_vs_axis_blind,CBraMod,physionet_mi,patch,cohen_kappa,3,"42,1024,3407",0.003438069693020074,0.025753184743670384,1,-0.018499388394715877,0.03179321509933142,,PAIR_STRUCTURALLY_INVALID,parameter mismatch exceeds 5 percent,50.28274032927988
aligned_vs_axis_blind,CBraMod,physionet_mi,patch,macro_f1,3,"42,1024,3407",-0.0007272749579209462,0.01862307746290743,1,-0.013451166738898457,0.020647863386171084,,PAIR_STRUCTURALLY_INVALID,parameter mismatch exceeds 5 percent,50.28274032927988
aligned_vs_axis_blind,CBraMod,physionet_mi,patch,weighted_f1,3,"42,1024,3407",-0.0007324225789728059,0.018604003543936366,1,-0.013453458944497343,0.020619438879261764,,PAIR_STRUCTURALLY_INVALID,parameter mismatch exceeds 5 percent,50.28274032927988
aligned_vs_axis_blind,CBraMod,seedv,channel,balanced_accuracy,3,"42,1024,3407",-0.008742766296282992,0.004245095632787963,0,-0.013631948141735961,-0.005993605852617101,within-subject protocol; patch axis is singleton/degenerate,PAIR_STRUCTURALLY_INVALID,parameter mismatch exceeds 5 percent,50.28274032927988
aligned_vs_axis_blind,CBraMod,seedv,channel,cohen_kappa,3,"42,1024,3407",-0.01049846686961331,0.005730392590384579,0,-0.017073722773716105,-0.006569039426594925,within-subject protocol; patch axis is singleton/degenerate,PAIR_STRUCTURALLY_INVALID,parameter mismatch exceeds 5 percent,50.28274032927988
aligned_vs_axis_blind,CBraMod,seedv,channel,macro_f1,3,"42,1024,3407",-0.013634247544623742,0.014025151215130049,0,-0.029801372530324888,-0.00473036872266458,within-subject protocol; patch axis is singleton/degenerate,PAIR_STRUCTURALLY_INVALID,parameter mismatch exceeds 5 percent,50.28274032927988
aligned_vs_axis_blind,CBraMod,seedv,channel,weighted_f1,3,"42,1024,3407",-0.012286803972259916,0.012910792674531815,0,-0.02699262962555299,-0.002814318930293769,within-subject protocol; patch axis is singleton/degenerate,PAIR_STRUCTURALLY_INVALID,parameter mismatch exceeds 5 percent,50.28274032927988
aligned_vs_axis_blind,CBraMod,seedv,patch,balanced_accuracy,3,"42,1024,3407",-0.005485692828093802,0.005876327611740325,0,-0.011986018271556542,-0.000550136073115326,within-subject protocol; patch axis is singleton/degenerate,PAIR_STRUCTURALLY_INVALID,parameter mismatch exceeds 5 percent,50.28274032927988
aligned_vs_axis_blind,CBraMod,seedv,patch,cohen_kappa,3,"42,1024,3407",-0.006278246909372879,0.008058255191842206,1,-0.014864472817063601,0.0011201873214786717,within-subject protocol; patch axis is singleton/degenerate,PAIR_STRUCTURALLY_INVALID,parameter mismatch exceeds 5 percent,50.28274032927988
aligned_vs_axis_blind,CBraMod,seedv,patch,macro_f1,3,"42,1024,3407",-0.006351872754453702,0.005561939742991458,0,-0.011964772841062676,-0.0008423340762767628,within-subject protocol; patch axis is singleton/degenerate,PAIR_STRUCTURALLY_INVALID,parameter mismatch exceeds 5 percent,50.28274032927988
aligned_vs_axis_blind,CBraMod,seedv,patch,weighted_f1,3,"42,1024,3407",-0.005444918913540042,0.006354892391431445,1,-0.011561053830520474,0.0011244627668111074,within-subject protocol; patch axis is singleton/degenerate,PAIR_STRUCTURALLY_INVALID,parameter mismatch exceeds 5 percent,50.28274032927988
aligned_vs_axis_blind,CBraMod,tuev,channel,balanced_accuracy,3,"42,1024,3407",-0.002108169814268923,0.006291717105823299,1,-0.006378474515460142,0.005117078552999421,,PAIR_STRUCTURALLY_INVALID,parameter mismatch exceeds 5 percent,50.28274032927988
aligned_vs_axis_blind,CBraMod,tuev,channel,cohen_kappa,3,"42,1024,3407",0.006157586768921493,0.005408135231169795,3,0.0017267639347250396,0.012184006377770618,,PAIR_STRUCTURALLY_INVALID,parameter mismatch exceeds 5 percent,50.28274032927988
aligned_vs_axis_blind,CBraMod,tuev,channel,macro_f1,3,"42,1024,3407",0.003505887936609775,0.004255438624290846,3,0.0006042790373951834,0.008390969199769727,,PAIR_STRUCTURALLY_INVALID,parameter mismatch exceeds 5 percent,50.28274032927988
aligned_vs_axis_blind,CBraMod,tuev,channel,weighted_f1,3,"42,1024,3407",0.0038965107060013513,0.0026535434242239827,3,0.0020105364138452986,0.00693081763423542,,PAIR_STRUCTURALLY_INVALID,parameter mismatch exceeds 5 percent,50.28274032927988
aligned_vs_axis_blind,CBraMod,tuev,channel_patch,balanced_accuracy,3,"42,1024,3407",-0.0032092022855662594,0.01937512753926634,1,-0.021097749782011177,0.017371027311378406,,PAIR_ARTIFACT_UNVERIFIED,full configuration-level nuisance matching not yet manually confirmed,0.5654806585597758
aligned_vs_axis_blind,CBraMod,tuev,channel_patch,cohen_kappa,3,"42,1024,3407",-0.008485205649857405,0.014617475188885997,1,-0.017078232995900833,0.00839266294504415,,PAIR_ARTIFACT_UNVERIFIED,full configuration-level nuisance matching not yet manually confirmed,0.5654806585597758
aligned_vs_axis_blind,CBraMod,tuev,channel_patch,macro_f1,3,"42,1024,3407",-0.0043528069639354365,0.017122389661096773,1,-0.019290883788224855,0.014333032386986522,,PAIR_ARTIFACT_UNVERIFIED,full configuration-level nuisance matching not yet manually confirmed,0.5654806585597758
aligned_vs_axis_blind,CBraMod,tuev,channel_patch,weighted_f1,3,"42,1024,3407",-0.004541350309141119,0.007373695097316384,1,-0.008822938292557647,0.003973012748905491,,PAIR_ARTIFACT_UNVERIFIED,full configuration-level nuisance matching not yet manually confirmed,0.5654806585597758
aligned_vs_axis_blind,CBraMod,tuev,patch,balanced_accuracy,3,"42,1024,3407",-0.0027113376742511166,0.009260729261207554,2,-0.013170149972398348,0.004447068327979309,,PAIR_STRUCTURALLY_INVALID,parameter mismatch exceeds 5 percent,50.28274032927988
aligned_vs_axis_blind,CBraMod,tuev,patch,cohen_kappa,3,"42,1024,3407",-0.013825078135235888,0.013050564334417692,1,-0.022855709858365048,0.0011378689151525512,,PAIR_STRUCTURALLY_INVALID,parameter mismatch exceeds 5 percent,50.28274032927988
aligned_vs_axis_blind,CBraMod,tuev,patch,macro_f1,3,"42,1024,3407",-0.004158448357733657,0.012676627741900006,2,-0.0185322222322864,0.005424864952108255,,PAIR_STRUCTURALLY_INVALID,parameter mismatch exceeds 5 percent,50.28274032927988
aligned_vs_axis_blind,CBraMod,tuev,patch,weighted_f1,3,"42,1024,3407",-0.007437272759815279,0.00781975894322613,1,-0.01208342134077367,0.0015909195350624072,,PAIR_STRUCTURALLY_INVALID,parameter mismatch exceeds 5 percent,50.28274032927988
aligned_vs_axis_blind,LaBraM,TUEV,channel,balanced_accuracy,3,"42,1024,3407",0.0015661575763126951,0.017635645906608235,1,-0.014341104657747905,0.020530477259726565,,PAIR_STRUCTURALLY_INVALID,parameter mismatch exceeds 5 percent,50.118585346571486
aligned_vs_axis_blind,LaBraM,TUEV,channel,cohen_kappa,3,"42,1024,3407",-0.06671007553415868,0.03040271347366524,0,-0.10101504582177889,-0.043099901427886333,,PAIR_STRUCTURALLY_INVALID,parameter mismatch exceeds 5 percent,50.118585346571486
aligned_vs_axis_blind,LaBraM,TUEV,channel,weighted_f1,3,"42,1024,3407",-0.03947395136041706,0.020269122237163352,0,-0.062863842399696,-0.02705646577748444,,PAIR_STRUCTURALLY_INVALID,parameter mismatch exceeds 5 percent,50.118585346571486
aligned_vs_axis_blind,LaBraM,TUEV,channel_patch,balanced_accuracy,3,"42,1024,3407",-0.03913247030452571,0.01744945041982057,0,-0.049304849711442944,-0.01898389888850016,,PAIR_ARTIFACT_UNVERIFIED,full configuration-level nuisance matching not yet manually confirmed,0.23717069314297673
aligned_vs_axis_blind,LaBraM,TUEV,channel_patch,cohen_kappa,3,"42,1024,3407",-0.06565501300589845,0.04573645819644058,0,-0.10943626060758571,-0.018186559406876635,,PAIR_ARTIFACT_UNVERIFIED,full configuration-level nuisance matching not yet manually confirmed,0.23717069314297673
aligned_vs_axis_blind,LaBraM,TUEV,channel_patch,weighted_f1,3,"42,1024,3407",-0.03912931300312602,0.025044668751217938,0,-0.062060126837834906,-0.012403867897199605,,PAIR_ARTIFACT_UNVERIFIED,full configuration-level nuisance matching not yet manually confirmed,0.23717069314297673
aligned_vs_axis_blind,LaBraM,TUEV,patch,balanced_accuracy,3,"42,1024,3407",-0.03198448123665665,0.018513323435942093,0,-0.04880458246660835,-0.012148307455688068,,PAIR_STRUCTURALLY_INVALID,parameter mismatch exceeds 5 percent,50.118585346571486
aligned_vs_axis_blind,LaBraM,TUEV,patch,cohen_kappa,3,"42,1024,3407",-0.036225136513031796,0.009904099975893652,0,-0.04369562326020826,-0.024990888728677274,,PAIR_STRUCTURALLY_INVALID,parameter mismatch exceeds 5 percent,50.118585346571486
aligned_vs_axis_blind,LaBraM,TUEV,patch,weighted_f1,3,"42,1024,3407",-0.02003651338585466,0.005784654331564664,0,-0.024745680669889913,-0.013579487379352329,,PAIR_STRUCTURALLY_INVALID,parameter mismatch exceeds 5 percent,50.118585346571486
aligned_vs_frozen_probe,CBraMod,faced,channel,balanced_accuracy,3,"42,1024,3407",0.0017444981213097048,0.005972681987189495,1,-0.002415458937198134,0.008588298443370945,,PAIR_ARTIFACT_UNVERIFIED,full configuration-level nuisance matching not yet manually confirmed,
aligned_vs_frozen_probe,CBraMod,faced,channel,cohen_kappa,3,"42,1024,3407",0.0021839008118008283,0.004748925858375925,2,-0.00163543608511596,0.007501177814544624,,PAIR_ARTIFACT_UNVERIFIED,full configuration-level nuisance matching not yet manually confirmed,
aligned_vs_frozen_probe,CBraMod,faced,channel,macro_f1,3,"42,1024,3407",0.0015036294080408112,0.00624929153500874,1,-0.003232817653189113,0.008586531784203655,,PAIR_ARTIFACT_UNVERIFIED,full configuration-level nuisance matching not yet manually confirmed,
aligned_vs_frozen_probe,CBraMod,faced,channel,weighted_f1,3,"42,1024,3407",0.0015942792287833758,0.005042021019573549,2,-0.002635686947530025,0.007173727004630648,,PAIR_ARTIFACT_UNVERIFIED,full configuration-level nuisance matching not yet manually confirmed,
aligned_vs_frozen_probe,CBraMod,faced,channel_patch,balanced_accuracy,3,"42,1024,3407",0.013285024154589356,0.006092087741715638,3,0.008454106280193219,0.020128824476650597,,PAIR_ARTIFACT_UNVERIFIED,full configuration-level nuisance matching not yet manually confirmed,
aligned_vs_frozen_probe,CBraMod,faced,channel_patch,cohen_kappa,3,"42,1024,3407",0.013914591667247992,0.005904949520023492,3,0.009084399952162925,0.020497464489872552,,PAIR_ARTIFACT_UNVERIFIED,full configuration-level nuisance matching not yet manually confirmed,
aligned_vs_frozen_probe,CBraMod,faced,channel_patch,macro_f1,3,"42,1024,3407",0.011812337560752617,0.0061138222468798565,3,0.008264751248906355,0.018871941533044778,,PAIR_ARTIFACT_UNVERIFIED,full configuration-level nuisance matching not yet manually confirmed,
aligned_vs_frozen_probe,CBraMod,faced,channel_patch,weighted_f1,3,"42,1024,3407",0.011309130268096731,0.005427005959206257,3,0.008128559224428178,0.017575457872546718,,PAIR_ARTIFACT_UNVERIFIED,full configuration-level nuisance matching not yet manually confirmed,
aligned_vs_frozen_probe,CBraMod,faced,patch,balanced_accuracy,3,"42,1024,3407",0.00908033637502235,0.006386945517481308,3,0.00335480407944172,0.01596886741814274,,PAIR_ARTIFACT_UNVERIFIED,full configuration-level nuisance matching not yet manually confirmed,
aligned_vs_frozen_probe,CBraMod,faced,patch,cohen_kappa,3,"42,1024,3407",0.00999336676823163,0.006588190373919494,3,0.0049765509114017,0.017454341848841537,,PAIR_ARTIFACT_UNVERIFIED,full configuration-level nuisance matching not yet manually confirmed,
aligned_vs_frozen_probe,CBraMod,faced,patch,macro_f1,3,"42,1024,3407",0.008375850771141946,0.005310191559373177,3,0.0029415985310979886,0.013552613315703343,,PAIR_ARTIFACT_UNVERIFIED,full configuration-level nuisance matching not yet manually confirmed,
aligned_vs_frozen_probe,CBraMod,faced,patch,weighted_f1,3,"42,1024,3407",0.00824195955659568,0.004935008802151454,3,0.003735214569312195,0.013515472625112823,,PAIR_ARTIFACT_UNVERIFIED,full configuration-level nuisance matching not yet manually confirmed,
aligned_vs_frozen_probe,CBraMod,isruc,channel_patch,balanced_accuracy,3,"42,1024,3407",-0.004315878254535425,0.004951574584699166,0,-0.009794758398274483,-0.00016063623827355933,,PAIR_ARTIFACT_UNVERIFIED,full configuration-level nuisance matching not yet manually confirmed,
aligned_vs_frozen_probe,CBraMod,isruc,channel_patch,cohen_kappa,3,"42,1024,3407",-0.004167632675235382,0.010449500457332088,1,-0.011238543601200246,0.007835037431039527,,PAIR_ARTIFACT_UNVERIFIED,full configuration-level nuisance matching not yet manually confirmed,
aligned_vs_frozen_probe,CBraMod,isruc,channel_patch,macro_f1,3,"42,1024,3407",-0.003174441009725896,0.0060205517296146325,2,-0.010118829989953837,0.0005781806499567388,,PAIR_ARTIFACT_UNVERIFIED,full configuration-level nuisance matching not yet manually confirmed,
aligned_vs_frozen_probe,CBraMod,isruc,channel_patch,weighted_f1,3,"42,1024,3407",-0.0035016796708098688,0.007862302858284228,1,-0.009010839499700274,0.005502114171817785,,PAIR_ARTIFACT_UNVERIFIED,full configuration-level nuisance matching not yet manually confirmed,
aligned_vs_frozen_probe,CBraMod,physionet_mi,channel,balanced_accuracy,3,"42,1024,3407",0.0014451911227926217,0.01024335449606889,1,-0.007231079668373774,0.012745226776272323,,PAIR_ARTIFACT_UNVERIFIED,full configuration-level nuisance matching not yet manually confirmed,
aligned_vs_frozen_probe,CBraMod,physionet_mi,channel,cohen_kappa,3,"42,1024,3407",0.0019440127766282937,0.013638070365568767,1,-0.009635664415139744,0.01697670106278859,,PAIR_ARTIFACT_UNVERIFIED,full configuration-level nuisance matching not yet manually confirmed,
aligned_vs_frozen_probe,CBraMod,physionet_mi,channel,macro_f1,3,"42,1024,3407",0.0010338952210099765,0.008675152071846645,1,-0.006541103568179274,0.01049790837648823,,PAIR_ARTIFACT_UNVERIFIED,full configuration-level nuisance matching not yet manually confirmed,
aligned_vs_frozen_probe,CBraMod,physionet_mi,channel,weighted_f1,3,"42,1024,3407",0.0010264783773489643,0.008653172817417664,1,-0.006554156471950789,0.010453983156458735,,PAIR_ARTIFACT_UNVERIFIED,full configuration-level nuisance matching not yet manually confirmed,
aligned_vs_frozen_probe,CBraMod,physionet_mi,patch,balanced_accuracy,3,"42,1024,3407",-0.0015358594181740608,0.018116120163800545,1,-0.017233207441669895,0.018287319116150114,,PAIR_ARTIFACT_UNVERIFIED,full configuration-level nuisance matching not yet manually confirmed,
aligned_vs_frozen_probe,CBraMod,physionet_mi,patch,cohen_kappa,3,"42,1024,3407",-0.002007702475759506,0.024114642551567554,1,-0.022918708777998287,0.024371473209064853,,PAIR_ARTIFACT_UNVERIFIED,full configuration-level nuisance matching not yet manually confirmed,
aligned_vs_frozen_probe,CBraMod,physionet_mi,patch,macro_f1,3,"42,1024,3407",-0.003824353074301993,0.018747228172379574,1,-0.019080782309654265,0.017103846106796716,,PAIR_ARTIFACT_UNVERIFIED,full configuration-level nuisance matching not yet manually confirmed,
aligned_vs_frozen_probe,CBraMod,physionet_mi,patch,weighted_f1,3,"42,1024,3407",-0.003825011974642097,0.01871328730229923,1,-0.019052124035884077,0.017065908830819487,,PAIR_ARTIFACT_UNVERIFIED,full configuration-level nuisance matching not yet manually confirmed,
aligned_vs_frozen_probe,CBraMod,seedv,channel,balanced_accuracy,3,"42,1024,3407",-0.006857293691408195,0.003574821859408825,0,-0.010676568746979642,-0.003591483289714259,within-subject protocol; patch axis is singleton/degenerate,PAIR_ARTIFACT_UNVERIFIED,full configuration-level nuisance matching not yet manually confirmed,
aligned_vs_frozen_probe,CBraMod,seedv,channel,cohen_kappa,3,"42,1024,3407",-0.008258667406386625,0.0036427866707205514,0,-0.011760221583068664,-0.004489417259221251,within-subject protocol; patch axis is singleton/degenerate,PAIR_ARTIFACT_UNVERIFIED,full configuration-level nuisance matching not yet manually confirmed,
aligned_vs_frozen_probe,CBraMod,seedv,channel,macro_f1,3,"42,1024,3407",-0.0074018947078685615,0.004200758486373381,0,-0.01192121104382804,-0.00361639029845906,within-subject protocol; patch axis is singleton/degenerate,PAIR_ARTIFACT_UNVERIFIED,full configuration-level nuisance matching not yet manually confirmed,
aligned_vs_frozen_probe,CBraMod,seedv,channel,weighted_f1,3,"42,1024,3407",-0.006824162648099152,0.002129441688944109,0,-0.009141727216314288,-0.004953908115250649,within-subject protocol; patch axis is singleton/degenerate,PAIR_ARTIFACT_UNVERIFIED,full configuration-level nuisance matching not yet manually confirmed,
aligned_vs_frozen_probe,CBraMod,seedv,patch,balanced_accuracy,3,"42,1024,3407",-0.003600220223219005,0.003844257708010336,0,-0.007994747992093265,-0.0008603592580289088,within-subject protocol; patch axis is singleton/degenerate,PAIR_ARTIFACT_UNVERIFIED,full configuration-level nuisance matching not yet manually confirmed,
aligned_vs_frozen_probe,CBraMod,seedv,patch,cohen_kappa,3,"42,1024,3407",-0.004038447446146194,0.005575992540958718,1,-0.010281637389007448,0.00044646235313761107,within-subject protocol; patch axis is singleton/degenerate,PAIR_ARTIFACT_UNVERIFIED,full configuration-level nuisance matching not yet manually confirmed,
aligned_vs_frozen_probe,CBraMod,seedv,patch,macro_f1,3,"42,1024,3407",-0.00011951991769852215,0.01242911793392354,2,-0.013439353667185128,0.011168516907943626,within-subject protocol; patch axis is singleton/degenerate,PAIR_ARTIFACT_UNVERIFIED,full configuration-level nuisance matching not yet manually confirmed,
aligned_vs_frozen_probe,CBraMod,seedv,patch,weighted_f1,3,"42,1024,3407",1.7722410620720403e-05,0.010996499909620146,2,-0.01222557396293128,0.009054723182299995,within-subject protocol; patch axis is singleton/degenerate,PAIR_ARTIFACT_UNVERIFIED,full configuration-level nuisance matching not yet manually confirmed,
aligned_vs_frozen_probe,CBraMod,tuev,channel,balanced_accuracy,3,"42,1024,3407",-0.009719315728981251,0.03370548506206935,1,-0.04503223935602141,0.022107812686802175,,PAIR_ARTIFACT_UNVERIFIED,full configuration-level nuisance matching not yet manually confirmed,
aligned_vs_frozen_probe,CBraMod,tuev,channel,cohen_kappa,3,"42,1024,3407",-0.005627504977252951,0.027350357759010492,1,-0.02313062400199395,0.025889657708549563,,PAIR_ARTIFACT_UNVERIFIED,full configuration-level nuisance matching not yet manually confirmed,
aligned_vs_frozen_probe,CBraMod,tuev,channel,macro_f1,3,"42,1024,3407",-0.0014740104377459022,0.02321303807824431,1,-0.020186912907951382,0.02450217598409954,,PAIR_ARTIFACT_UNVERIFIED,full configuration-level nuisance matching not yet manually confirmed,
aligned_vs_frozen_probe,CBraMod,tuev,channel,weighted_f1,3,"42,1024,3407",-0.00202797464688087,0.013550875376145953,1,-0.010099003042862709,0.013616592007416717,,PAIR_ARTIFACT_UNVERIFIED,full configuration-level nuisance matching not yet manually confirmed,
aligned_vs_frozen_probe,CBraMod,tuev,channel_patch,balanced_accuracy,3,"42,1024,3407",-0.010820348200278588,0.051055805951209544,1,-0.05605020229508684,0.04454195347852663,,PAIR_ARTIFACT_UNVERIFIED,full configuration-level nuisance matching not yet manually confirmed,
aligned_vs_frozen_probe,CBraMod,tuev,channel_patch,cohen_kappa,3,"42,1024,3407",-0.02027029739603185,0.0366927010727405,1,-0.04162743483543452,0.022098314275823094,,PAIR_ARTIFACT_UNVERIFIED,full configuration-level nuisance matching not yet manually confirmed,
aligned_vs_frozen_probe,CBraMod,tuev,channel_patch,macro_f1,3,"42,1024,3407",-0.009332705338291114,0.0405711382277414,1,-0.036419147377380445,0.037312792798421646,,PAIR_ARTIFACT_UNVERIFIED,full configuration-level nuisance matching not yet manually confirmed,
aligned_vs_frozen_probe,CBraMod,tuev,channel_patch,weighted_f1,3,"42,1024,3407",-0.01046583566202334,0.01829471012189294,1,-0.021123816358891156,0.010658787122086788,,PAIR_ARTIFACT_UNVERIFIED,full configuration-level nuisance matching not yet manually confirmed,
aligned_vs_frozen_probe,CBraMod,tuev,patch,balanced_accuracy,3,"42,1024,3407",-0.010322483588963446,0.031349602371448175,2,-0.04570224958104152,0.014000776194749875,,PAIR_ARTIFACT_UNVERIFIED,full configuration-level nuisance matching not yet manually confirmed,
aligned_vs_frozen_probe,CBraMod,tuev,patch,cohen_kappa,3,"42,1024,3407",-0.025610169881410332,0.02056902561999442,0,-0.047059248490948336,-0.00605174213171622,,PAIR_ARTIFACT_UNVERIFIED,full configuration-level nuisance matching not yet manually confirmed,
aligned_vs_frozen_probe,CBraMod,tuev,patch,macro_f1,3,"42,1024,3407",-0.009138346732089334,0.012502290195177174,1,-0.020159179738369393,0.0044475381791487245,,PAIR_ARTIFACT_UNVERIFIED,full configuration-level nuisance matching not yet manually confirmed,
aligned_vs_frozen_probe,CBraMod,tuev,patch,weighted_f1,3,"42,1024,3407",-0.0133617581126975,0.00995896223028667,0,-0.024433112315893624,-0.005133542100553279,,PAIR_ARTIFACT_UNVERIFIED,full configuration-level nuisance matching not yet manually confirmed,
aligned_vs_frozen_probe,LaBraM,FACED,patch,balanced_accuracy,3,"42,1024,3407",0.02737520128824474,0.006906660886987537,3,0.02106816961889424,0.03475577026301663,,PAIR_ARTIFACT_UNVERIFIED,full configuration-level nuisance matching not yet manually confirmed,
aligned_vs_frozen_probe,LaBraM,FACED,patch,cohen_kappa,3,"42,1024,3407",0.02906186875641137,0.007152117997821736,3,0.022408492106690048,0.03662556383397764,,PAIR_ARTIFACT_UNVERIFIED,full configuration-level nuisance matching not yet manually confirmed,
aligned_vs_frozen_probe,LaBraM,FACED,patch,weighted_f1,3,"42,1024,3407",0.053210456517093586,0.01810764918776263,3,0.04176003770645509,0.07408666888930623,,PAIR_ARTIFACT_UNVERIFIED,full configuration-level nuisance matching not yet manually confirmed,
aligned_vs_frozen_probe,LaBraM,PhysioNet-MI,channel_patch,balanced_accuracy,3,"42,1024,3407",0.013875763916810632,0.005727140375184048,3,0.009298166175956635,0.020297883010648776,serialized-only extension,PAIR_ARTIFACT_UNVERIFIED,full configuration-level nuisance matching not yet manually confirmed,
aligned_vs_frozen_probe,LaBraM,PhysioNet-MI,channel_patch,cohen_kappa,3,"42,1024,3407",0.018541098828435392,0.007633590041915674,3,0.01242780377842656,0.027097056733086267,serialized-only extension,PAIR_ARTIFACT_UNVERIFIED,full configuration-level nuisance matching not yet manually confirmed,
aligned_vs_frozen_probe,LaBraM,PhysioNet-MI,channel_patch,weighted_f1,3,"42,1024,3407",0.005471127852792986,0.008443936786445493,2,-0.0029595912626866894,0.013928220529247581,serialized-only extension,PAIR_ARTIFACT_UNVERIFIED,full configuration-level nuisance matching not yet manually confirmed,
aligned_vs_frozen_probe,LaBraM,TUEV,channel,balanced_accuracy,3,"42,1024,3407",0.06652137899922282,0.018567520429004596,3,0.04962145447174321,0.08639706785279588,,PAIR_ARTIFACT_UNVERIFIED,full configuration-level nuisance matching not yet manually confirmed,
aligned_vs_frozen_probe,LaBraM,TUEV,channel,cohen_kappa,3,"42,1024,3407",0.013375742046635794,0.030918229684646435,2,-0.02182136271520041,0.036152111450276636,,PAIR_ARTIFACT_UNVERIFIED,full configuration-level nuisance matching not yet manually confirmed,
aligned_vs_frozen_probe,LaBraM,TUEV,channel,weighted_f1,3,"42,1024,3407",0.0043721203957952275,0.020738509979441773,2,-0.019574620174349855,0.016377243114344853,,PAIR_ARTIFACT_UNVERIFIED,full configuration-level nuisance matching not yet manually confirmed,
aligned_vs_frozen_probe,LaBraM,TUEV,channel_patch,balanced_accuracy,3,"42,1024,3407",0.025822751118384408,0.01824372336706412,3,0.014853896815857082,0.04688269170456916,,PAIR_ARTIFACT_UNVERIFIED,full configuration-level nuisance matching not yet manually confirmed,
aligned_vs_frozen_probe,LaBraM,TUEV,channel_patch,cohen_kappa,3,"42,1024,3407",0.01443080457489602,0.047096915421476086,2,-0.03024257750100723,0.06362519735076533,,PAIR_ARTIFACT_UNVERIFIED,full configuration-level nuisance matching not yet manually confirmed,
aligned_vs_frozen_probe,LaBraM,TUEV,channel_patch,weighted_f1,3,"42,1024,3407",0.004716758753086266,0.025849208731980277,2,-0.01877090461248876,0.032411416254261805,,PAIR_ARTIFACT_UNVERIFIED,full configuration-level nuisance matching not yet manually confirmed,
aligned_vs_frozen_probe,LaBraM,TUEV,patch,balanced_accuracy,3,"42,1024,3407",0.032970740186253476,0.018246413328162573,3,0.01706200812646097,0.052888207090481865,,PAIR_ARTIFACT_UNVERIFIED,full configuration-level nuisance matching not yet manually confirmed,
aligned_vs_frozen_probe,LaBraM,TUEV,patch,cohen_kappa,3,"42,1024,3407",0.043860681067762676,0.009023480650418438,3,0.0381161334974337,0.054261124149485696,,PAIR_ARTIFACT_UNVERIFIED,full configuration-level nuisance matching not yet manually confirmed,
aligned_vs_frozen_probe,LaBraM,TUEV,patch,weighted_f1,3,"42,1024,3407",0.023809558370357625,0.005283791025619463,3,0.020069603481571496,0.029854221512476964,,PAIR_ARTIFACT_UNVERIFIED,full configuration-level nuisance matching not yet manually confirmed,
frozen_aligned_vs_full_native,CBraMod,faced,channel,balanced_accuracy,3,"42,1024,3407",-0.18505099302200756,0.015070204123850168,0,-0.19605475040257653,-0.16787439613526578,,PAIR_ARTIFACT_UNVERIFIED,full configuration-level nuisance matching not yet manually confirmed,0.0
frozen_aligned_vs_full_native,CBraMod,faced,channel,cohen_kappa,3,"42,1024,3407",-0.2063918976104546,0.01659205851835604,0,-0.2195366155061429,-0.18774855280980496,,PAIR_ARTIFACT_UNVERIFIED,full configuration-level nuisance matching not yet manually confirmed,0.0
frozen_aligned_vs_full_native,CBraMod,faced,channel,macro_f1,3,"42,1024,3407",-0.1931070696625905,0.014708158876454738,0,-0.20690768191412828,-0.17763429226844962,,PAIR_ARTIFACT_UNVERIFIED,full configuration-level nuisance matching not yet manually confirmed,0.0
frozen_aligned_vs_full_native,CBraMod,faced,channel,weighted_f1,3,"42,1024,3407",-0.189340420812678,0.014644976143602544,0,-0.2030185133389975,-0.17388989007367034,,PAIR_ARTIFACT_UNVERIFIED,full configuration-level nuisance matching not yet manually confirmed,0.0
frozen_aligned_vs_full_native,CBraMod,faced,channel_patch,balanced_accuracy,3,"42,1024,3407",-0.1743603506888531,0.0032493720922641806,0,-0.17807300053676878,-0.17203435319377347,,PAIR_ARTIFACT_UNVERIFIED,full configuration-level nuisance matching not yet manually confirmed,0.0
frozen_aligned_vs_full_native,CBraMod,faced,channel_patch,cohen_kappa,3,"42,1024,3407",-0.1940372179523279,0.003641553363468056,0,-0.19787606365616717,-0.19063174037544972,,PAIR_ARTIFACT_UNVERIFIED,full configuration-level nuisance matching not yet manually confirmed,0.0
frozen_aligned_vs_full_native,CBraMod,faced,channel_patch,macro_f1,3,"42,1024,3407",-0.18063494100680783,0.002973025992072803,0,-0.1839914368398421,-0.17833272566994074,,PAIR_ARTIFACT_UNVERIFIED,full configuration-level nuisance matching not yet manually confirmed,0.0
frozen_aligned_vs_full_native,CBraMod,faced,channel_patch,weighted_f1,3,"42,1024,3407",-0.1772696045642814,0.0028564115553395813,0,-0.18031304116034014,-0.1746468834334649,,PAIR_ARTIFACT_UNVERIFIED,full configuration-level nuisance matching not yet manually confirmed,0.0
frozen_aligned_vs_full_native,CBraMod,faced,patch,balanced_accuracy,3,"42,1024,3407",-0.17995169082125606,0.004656294034594035,0,-0.18531937734836285,-0.1769994632313473,,PAIR_ARTIFACT_UNVERIFIED,full configuration-level nuisance matching not yet manually confirmed,0.0
frozen_aligned_vs_full_native,CBraMod,faced,patch,cohen_kappa,3,"42,1024,3407",-0.20096195326945024,0.0035365889083347275,0,-0.20504544004320813,-0.1988839754657198,,PAIR_ARTIFACT_UNVERIFIED,full configuration-level nuisance matching not yet manually confirmed,0.0
frozen_aligned_vs_full_native,CBraMod,faced,patch,macro_f1,3,"42,1024,3407",-0.18886991859395164,0.002623033241451157,0,-0.1918621013023749,-0.1869670897748842,,PAIR_ARTIFACT_UNVERIFIED,full configuration-level nuisance matching not yet manually confirmed,0.0
frozen_aligned_vs_full_native,CBraMod,faced,patch,weighted_f1,3,"42,1024,3407",-0.18523768095487228,0.0021489773595616928,0,-0.18765947383000886,-0.1835584970581915,,PAIR_ARTIFACT_UNVERIFIED,full configuration-level nuisance matching not yet manually confirmed,0.0
frozen_aligned_vs_full_native,CBraMod,seedv,channel,balanced_accuracy,3,"42,1024,3407",-0.10348907394772318,0.012566768229095839,0,-0.11196024872302468,-0.08905039574559204,within-subject protocol; patch axis is singleton/degenerate,PAIR_ARTIFACT_UNVERIFIED,full configuration-level nuisance matching not yet manually confirmed,0.0
frozen_aligned_vs_full_native,CBraMod,seedv,channel,cohen_kappa,3,"42,1024,3407",-0.1380620877609815,0.01624216258544791,0,-0.14913311850328437,-0.11941619275461879,within-subject protocol; patch axis is singleton/degenerate,PAIR_ARTIFACT_UNVERIFIED,full configuration-level nuisance matching not yet manually confirmed,0.0
frozen_aligned_vs_full_native,CBraMod,seedv,channel,macro_f1,3,"42,1024,3407",-0.10897313725782881,0.005719278143320803,0,-0.11232467336729934,-0.10236933239713791,within-subject protocol; patch axis is singleton/degenerate,PAIR_ARTIFACT_UNVERIFIED,full configuration-level nuisance matching not yet manually confirmed,0.0
frozen_aligned_vs_full_native,CBraMod,seedv,channel,weighted_f1,3,"42,1024,3407",-0.11323718079109969,0.006927480113562253,0,-0.11809993972005162,-0.10530533203546555,within-subject protocol; patch axis is singleton/degenerate,PAIR_ARTIFACT_UNVERIFIED,full configuration-level nuisance matching not yet manually confirmed,0.0
frozen_aligned_vs_full_native,CBraMod,seedv,patch,balanced_accuracy,3,"42,1024,3407",-0.100232000479534,0.01110971966951892,0,-0.10677475661966646,-0.08740446587541262,within-subject protocol; patch axis is singleton/degenerate,PAIR_ARTIFACT_UNVERIFIED,full configuration-level nuisance matching not yet manually confirmed,0.0
frozen_aligned_vs_full_native,CBraMod,seedv,patch,cohen_kappa,3,"42,1024,3407",-0.13384186780074106,0.014544301235456917,0,-0.14415836783098013,-0.11720694279796628,within-subject protocol; patch axis is singleton/degenerate,PAIR_ARTIFACT_UNVERIFIED,full configuration-level nuisance matching not yet manually confirmed,0.0
frozen_aligned_vs_full_native,CBraMod,seedv,patch,macro_f1,3,"42,1024,3407",-0.10169076246765878,0.01525993367835165,0,-0.11374354863240627,-0.0845327327078757,within-subject protocol; patch axis is singleton/degenerate,PAIR_ARTIFACT_UNVERIFIED,full configuration-level nuisance matching not yet manually confirmed,0.0
frozen_aligned_vs_full_native,CBraMod,seedv,patch,weighted_f1,3,"42,1024,3407",-0.10639529573237982,0.01507090566780049,0,-0.11939011736439892,-0.08987375624043303,within-subject protocol; patch axis is singleton/degenerate,PAIR_ARTIFACT_UNVERIFIED,full configuration-level nuisance matching not yet manually confirmed,0.0
frozen_aligned_vs_full_native,CBraMod,tuev,channel,balanced_accuracy,3,"42,1024,3407",-0.16746110658271593,0.01937603947531338,0,-0.18692007627451307,-0.14816907606899477,,PAIR_ARTIFACT_UNVERIFIED,full configuration-level nuisance matching not yet manually confirmed,0.0
frozen_aligned_vs_full_native,CBraMod,tuev,channel,cohen_kappa,3,"42,1024,3407",-0.17184498451201635,0.032020169851477265,0,-0.19771667870048737,-0.136033760761185,,PAIR_ARTIFACT_UNVERIFIED,full configuration-level nuisance matching not yet manually confirmed,0.0
frozen_aligned_vs_full_native,CBraMod,tuev,channel,macro_f1,3,"42,1024,3407",-0.11560234846010596,0.043089337883652656,0,-0.1479558266511794,-0.06668984335922906,,PAIR_ARTIFACT_UNVERIFIED,full configuration-level nuisance matching not yet manually confirmed,0.0
frozen_aligned_vs_full_native,CBraMod,tuev,channel,weighted_f1,3,"42,1024,3407",-0.08605732583190633,0.01485116555407076,0,-0.09706239039115339,-0.06916516959670282,,PAIR_ARTIFACT_UNVERIFIED,full configuration-level nuisance matching not yet manually confirmed,0.0
frozen_aligned_vs_full_native,CBraMod,tuev,channel_patch,balanced_accuracy,3,"42,1024,3407",-0.17809850374493896,0.03187227064063657,0,-0.2086634419286329,-0.14506272366161183,,PAIR_ARTIFACT_UNVERIFIED,full configuration-level nuisance matching not yet manually confirmed,0.0
frozen_aligned_vs_full_native,CBraMod,tuev,channel_patch,cohen_kappa,3,"42,1024,3407",-0.16867653228003787,0.056768744024505643,0,-0.20252320134307866,-0.10313743340069925,,PAIR_ARTIFACT_UNVERIFIED,full configuration-level nuisance matching not yet manually confirmed,0.0
frozen_aligned_vs_full_native,CBraMod,tuev,channel_patch,macro_f1,3,"42,1024,3407",-0.11841399296493914,0.07869970010253166,0,-0.18364262021051259,-0.031004036842297134,,PAIR_ARTIFACT_UNVERIFIED,full configuration-level nuisance matching not yet manually confirmed,0.0
frozen_aligned_vs_full_native,CBraMod,tuev,channel_patch,weighted_f1,3,"42,1024,3407",-0.0825067686387327,0.02819613801603992,0,-0.10046405059146368,-0.050008471676954436,,PAIR_ARTIFACT_UNVERIFIED,full configuration-level nuisance matching not yet manually confirmed,0.0
frozen_aligned_vs_full_native,CBraMod,tuev,patch,balanced_accuracy,3,"42,1024,3407",-0.1840213136115286,0.014692167219451878,0,-0.20093696904132086,-0.174443116029249,,PAIR_ARTIFACT_UNVERIFIED,full configuration-level nuisance matching not yet manually confirmed,0.0
frozen_aligned_vs_full_native,CBraMod,tuev,patch,cohen_kappa,3,"42,1024,3407",-0.1920946699181262,0.02887469521093298,0,-0.22170797956508326,-0.16402012368947871,,PAIR_ARTIFACT_UNVERIFIED,full configuration-level nuisance matching not yet manually confirmed,0.0
frozen_aligned_vs_full_native,CBraMod,tuev,patch,macro_f1,3,"42,1024,3407",-0.13965655695021828,0.03016415252310003,0,-0.15715824483829322,-0.10482613693144083,,PAIR_ARTIFACT_UNVERIFIED,full configuration-level nuisance matching not yet manually confirmed,0.0
frozen_aligned_vs_full_native,CBraMod,tuev,patch,weighted_f1,3,"42,1024,3407",-0.09748262349917074,0.017020574414732183,0,-0.1150298936422991,-0.08104283317868988,,PAIR_ARTIFACT_UNVERIFIED,full configuration-level nuisance matching not yet manually confirmed,0.0
frozen_aligned_vs_full_native,LaBraM,PhysioNet-MI,channel_patch,balanced_accuracy,3,"42,1024,3407",-0.3420031037244814,0.008407484873151076,0,-0.3510325810128275,-0.3344001282343564,serialized-only extension,PAIR_ARTIFACT_UNVERIFIED,full configuration-level nuisance matching not yet manually confirmed,0.0
frozen_aligned_vs_full_native,LaBraM,PhysioNet-MI,channel_patch,cohen_kappa,3,"42,1024,3407",-0.4557122295912321,0.011197743740223904,0,-0.4677425070503337,-0.4455929730436238,serialized-only extension,PAIR_ARTIFACT_UNVERIFIED,full configuration-level nuisance matching not yet manually confirmed,0.0
frozen_aligned_vs_full_native,LaBraM,PhysioNet-MI,channel_patch,weighted_f1,3,"42,1024,3407",-0.3594449368570471,0.01050467210910297,0,-0.3715507035524865,-0.3527317917003011,serialized-only extension,PAIR_ARTIFACT_UNVERIFIED,full configuration-level nuisance matching not yet manually confirmed,0.0
