backbone,dataset,classification,count
CBraMod,FACED,audit_or_smoke,15
CBraMod,FACED,empty_or_unresolved,1
CBraMod,FACED,registry_complete,68
CBraMod,ISRUC,registry_complete,53
CBraMod,PhysioNet-MI,registry_complete,46
CBraMod,SEED-V,audit_or_smoke,8
CBraMod,SEED-V,empty_or_unresolved,2
CBraMod,SEED-V,registry_complete,50
CBraMod,TUEV,empty_or_unresolved,2
CBraMod,TUEV,registry_complete,54
CBraMod,TUEV,supplemental_operator_audit,3
LaBraM,FACED,empty_or_unresolved,6
LaBraM,FACED,incomplete_training_or_missing_final_test,41
LaBraM,FACED,legacy_log_only,12
LaBraM,FACED,preflight_or_config_only,28
LaBraM,FACED,registry_complete,24
LaBraM,ISRUC,empty_or_unresolved,6
LaBraM,ISRUC,incomplete_training_or_missing_final_test,13
LaBraM,ISRUC,preflight_or_config_only,3
LaBraM,ISRUC,registry_complete,40
LaBraM,PhysioNet-MI,empty_or_unresolved,3
LaBraM,PhysioNet-MI,registry_complete,32
LaBraM,SEED-V,empty_or_unresolved,5
LaBraM,SEED-V,incomplete_training_or_missing_final_test,77
LaBraM,SEED-V,registry_complete,47
LaBraM,TUEV,audit_or_smoke,1
LaBraM,TUEV,incomplete_training_or_missing_final_test,1
LaBraM,TUEV,registry_complete,49
LaBraM,TUEV,supplemental_operator_audit,3
LaBraM,unknown,audit_or_smoke,2
LaBraM,unknown,empty_or_unresolved,6
LaBraM,unknown,legacy_log_only,44
LaBraM,unknown,registry_complete,22
LaBraM,unknown,supplemental_parity,2
