backbone,dataset,method,axis,source_package,n,seeds,complete_three_seed,all_contract_valid,configuration_homogeneous,manuscript_role,balanced_accuracy_mean,balanced_accuracy_sd,cohen_kappa_mean,cohen_kappa_sd,macro_f1_mean,macro_f1_sd,weighted_f1_mean,weighted_f1_sd,trainable_parameters_mean,selected_epoch_mean,source_artifacts,metric_complement_source,audit_note
CBraMod,FACED,axis_blind,generic_token_control,registry_aggregate,3,"42,1024,3407",True,True,True,primary_RQ2_candidate,0.3879495437466452,0.0030747287271576,0.30972327,0.00402838,0.38743783,0.00154016,0.3864456906541218,0.0018620982913791,128463958.0,31.0,/panfs/accrepfs.vampire/data/neurogroup/mingyangjiang/EEGxPlore/CBraMod/results/faced/faced_evalmode_frozen_axis_blind_s1024_20260804|/panfs/accrepfs.vampire/data/neurogroup/mingyangjiang/EEGxPlore/CBraMod/results/faced/faced_evalmode_frozen_axis_blind_s3407_20260804|/panfs/accrepfs.vampire/data/neurogroup/mingyangjiang/EEGxPlore/CBraMod/results/faced/faced_evalmode_frozen_axis_blind_s42_20260804,manuscript_final_v2 method_summary,canonical registry group
CBraMod,FACED,frozen_probe,none,registry_aggregate,3,"42,1024,3407",True,True,True,supporting_or_boundary,0.377706208624083,0.0022865231560444,0.29927972,0.00114846,0.37887649,0.00241262,0.3783969767727922,0.0015616451692771,128404009.0,35.333333333333336,/panfs/accrepfs.vampire/data/neurogroup/mingyangjiang/EEGxPlore/CBraMod/results/faced/faced_evalmode_frozen_probe_s1024_20260804|/panfs/accrepfs.vampire/data/neurogroup/mingyangjiang/EEGxPlore/CBraMod/results/faced/faced_evalmode_frozen_probe_s3407_20260804|/panfs/accrepfs.vampire/data/neurogroup/mingyangjiang/EEGxPlore/CBraMod/results/faced/faced_evalmode_frozen_probe_s42_20260804,manuscript_final_v2 method_summary,canonical registry group
CBraMod,FACED,full_finetune,none,registry_aggregate,3,"42,1024,3407",True,True,True,supporting_or_boundary,0.5717928073000537,0.0106925137476442,0.5154194,0.01104195,0.57860264,0.01175919,0.5745957435911215,0.0112021840243339,133287809.0,23.33333333333333,/panfs/accrepfs.vampire/data/neurogroup/mingyangjiang/EEGxPlore/CBraMod/results/faced/faced_cbramod_original_s1024_lr1e-4_b64_e50|/panfs/accrepfs.vampire/data/neurogroup/mingyangjiang/EEGxPlore/CBraMod/results/faced/faced_cbramod_original_s3407_lr1e-4_b64_e50|/panfs/accrepfs.vampire/data/neurogroup/mingyangjiang/EEGxPlore/CBraMod/results/faced/faced_cbramod_original_s42_lr1e-4_b64_e50_r3,manuscript_final_v2 method_summary,canonical registry group
CBraMod,FACED,generic_bottleneck,none,registry_aggregate,3,"42,1024,3407",True,True,True,supporting_or_boundary,0.3901860797996063,0.0030903069331572,0.31229097,0.00308935,0.38923079,0.00353016,0.3881903308203765,0.0033446622093586,128430274.0,27.666666666666668,/panfs/accrepfs.vampire/data/neurogroup/mingyangjiang/EEGxPlore/CBraMod/results/faced/faced_evalmode_frozen_generic_s1024_20260804|/panfs/accrepfs.vampire/data/neurogroup/mingyangjiang/EEGxPlore/CBraMod/results/faced/faced_evalmode_frozen_generic_s3407_20260804|/panfs/accrepfs.vampire/data/neurogroup/mingyangjiang/EEGxPlore/CBraMod/results/faced/faced_evalmode_frozen_generic_s42_20260804,manuscript_final_v2 method_summary,canonical registry group
CBraMod,FACED,interaction_aligned,channel,registry_aggregate,3,"42,1024,3407",True,True,True,supporting_or_boundary,0.3794507067453927,0.0037293190816057,0.3014636214690508,0.0036062494813712,0.3803801223908987,0.0038462394456485,0.3799912560015756,0.0035282297297197,128433814.0,36.0,/panfs/accrepfs.vampire/data/neurogroup/mingyangjiang/EEGxPlore/CBraMod/results/faced/faced_evalmode_frozen_channel_s1024_lr5e-4_20260804|/panfs/accrepfs.vampire/data/neurogroup/mingyangjiang/EEGxPlore/CBraMod/results/faced/faced_evalmode_frozen_channel_s3407_lr5e-4_20260804|/panfs/accrepfs.vampire/data/neurogroup/mingyangjiang/EEGxPlore/CBraMod/results/faced/faced_evalmode_frozen_channel_s42_lr5e-4_20260804,registry aggregate,canonical registry group
CBraMod,FACED,interaction_aligned,channel_patch,registry_aggregate,3,"42,1024,3407",True,True,True,primary_RQ2_candidate,0.3909912327786723,0.0038807606417505,0.31319431,0.0048806,0.39068883,0.00383216,0.389706107040889,0.0041301614821716,128463619.0,33.0,/panfs/accrepfs.vampire/data/neurogroup/mingyangjiang/EEGxPlore/CBraMod/results/faced/faced_evalmode_frozen_channel_patch_s1024_lr5e-4_20260804|/panfs/accrepfs.vampire/data/neurogroup/mingyangjiang/EEGxPlore/CBraMod/results/faced/faced_evalmode_frozen_channel_patch_s3407_lr5e-4_20260804|/panfs/accrepfs.vampire/data/neurogroup/mingyangjiang/EEGxPlore/CBraMod/results/faced/faced_evalmode_frozen_channel_patch_s42_lr5e-4_20260804,manuscript_final_v2 method_summary,canonical registry group
CBraMod,FACED,interaction_aligned,patch,registry_aggregate,3,"42,1024,3407",True,True,True,supporting_or_boundary,0.3867865449991053,0.0070554116701839,0.3092730874254816,0.0071971551793593,0.3872523437539998,0.0062941780555574,0.3866389363293879,0.0059909329274955,128433814.0,42.333333333333336,/panfs/accrepfs.vampire/data/neurogroup/mingyangjiang/EEGxPlore/CBraMod/results/faced/faced_evalmode_frozen_patch_s1024_lr5e-4_20260804|/panfs/accrepfs.vampire/data/neurogroup/mingyangjiang/EEGxPlore/CBraMod/results/faced/faced_evalmode_frozen_patch_s3407_lr5e-4_20260804|/panfs/accrepfs.vampire/data/neurogroup/mingyangjiang/EEGxPlore/CBraMod/results/faced/faced_evalmode_frozen_patch_s42_lr5e-4_20260804,registry aggregate,canonical registry group
CBraMod,FACED,lora,none,registry_aggregate,3,"42,1024,3407",True,True,True,supporting_or_boundary,0.4174270889246734,0.0074356667524309,0.34168619,0.00855028,0.41816865,0.00840417,0.4160802444314703,0.0083461326880115,128480809.0,14.666666666666666,/panfs/accrepfs.vampire/data/neurogroup/mingyangjiang/EEGxPlore/CBraMod/results/faced/faced_evalmode_frozen_lora_qkv_r8_s1024_20260804|/panfs/accrepfs.vampire/data/neurogroup/mingyangjiang/EEGxPlore/CBraMod/results/faced/faced_evalmode_frozen_lora_qkv_r8_s3407_20260804|/panfs/accrepfs.vampire/data/neurogroup/mingyangjiang/EEGxPlore/CBraMod/results/faced/faced_evalmode_frozen_lora_qkv_r8_s42_20260804,manuscript_final_v2 method_summary,canonical registry group
CBraMod,FACED,native_full_finetune,channel,registry_aggregate,3,"42,1024,3407",True,True,True,supporting_or_boundary,0.5645016997674003,0.0160393787664213,0.5078555190795054,0.0170370181074775,0.5734871920534892,0.0150156213536408,0.5693316768142537,0.0147396012660751,133317614.0,27.0,/panfs/accrepfs.vampire/data/neurogroup/mingyangjiang/EEGxPlore/CBraMod/results/faced/faced_native_full_channel_s1024_lr1e-4_b64_e50|/panfs/accrepfs.vampire/data/neurogroup/mingyangjiang/EEGxPlore/CBraMod/results/faced/faced_native_full_channel_s3407_lr1e-4_b64_e50|/panfs/accrepfs.vampire/data/neurogroup/mingyangjiang/EEGxPlore/CBraMod/results/faced/faced_native_full_channel_s42_lr1e-4_b64_e50,registry aggregate,canonical registry group
CBraMod,FACED,native_full_finetune,channel_patch,registry_aggregate,3,"42,1024,3407",True,True,True,supporting_or_boundary,0.5653515834675255,0.0042179907797911,0.50723153,0.00418278,0.57132377,0.00333424,0.5669757116051704,0.003089281479542,133347419.0,26.666666666666668,/panfs/accrepfs.vampire/data/neurogroup/mingyangjiang/EEGxPlore/CBraMod/results/faced/faced_native_full_channel_patch_s1024_lr1e-4_b64_e50|/panfs/accrepfs.vampire/data/neurogroup/mingyangjiang/EEGxPlore/CBraMod/results/faced/faced_native_full_channel_patch_s3407_lr1e-4_b64_e50|/panfs/accrepfs.vampire/data/neurogroup/mingyangjiang/EEGxPlore/CBraMod/results/faced/faced_native_full_channel_patch_s42_lr1e-4_b64_e50,manuscript_final_v2 method_summary,canonical registry group
CBraMod,FACED,native_full_finetune,patch,registry_aggregate,3,"42,1024,3407",True,True,True,supporting_or_boundary,0.5667382358203614,0.0061235360564632,0.5102350406949319,0.00639142928276,0.5761222623479515,0.0055454291472005,0.5718766172842602,0.0051659963354559,133317614.0,26.33333333333333,/panfs/accrepfs.vampire/data/neurogroup/mingyangjiang/EEGxPlore/CBraMod/results/faced/faced_native_full_patch_s1024_lr1e-4_b64_e50|/panfs/accrepfs.vampire/data/neurogroup/mingyangjiang/EEGxPlore/CBraMod/results/faced/faced_native_full_patch_s3407_lr1e-4_b64_e50|/panfs/accrepfs.vampire/data/neurogroup/mingyangjiang/EEGxPlore/CBraMod/results/faced/faced_native_full_patch_s42_lr1e-4_b64_e50,registry aggregate,canonical registry group
CBraMod,FACED,upper_k_finetune,none,registry_aggregate,3,"42,1024,3407",True,True,True,supporting_or_boundary,0.4034711039541957,0.0046665955826605,0.3263519,0.0060577,0.40363996,0.00503194,0.4017976658650105,0.0055884772596614,129209209.0,34.666666666666664,/panfs/accrepfs.vampire/data/neurogroup/mingyangjiang/EEGxPlore/CBraMod/results/faced/faced_evalmode_frozen_upper2_s1024_20260804|/panfs/accrepfs.vampire/data/neurogroup/mingyangjiang/EEGxPlore/CBraMod/results/faced/faced_evalmode_frozen_upper2_s3407_20260804|/panfs/accrepfs.vampire/data/neurogroup/mingyangjiang/EEGxPlore/CBraMod/results/faced/faced_evalmode_frozen_upper2_s42_20260804,manuscript_final_v2 method_summary,canonical registry group
CBraMod,ISRUC,axis_blind,generic_token_control,registry_aggregate,3,"42,1024,3407",True,True,True,primary_RQ2_candidate,0.7473285854439856,0.0119425027007412,0.70264033,0.0149942,0.74311472,0.01688725,0.7679606661401417,0.0145075015152482,21647410.0,14.0,/panfs/accrepfs.vampire/data/neurogroup/mingyangjiang/EEGxPlore/CBraMod/results/isruc/isruc_cbramod_alpha0_axisblind_s1024|/panfs/accrepfs.vampire/data/neurogroup/mingyangjiang/EEGxPlore/CBraMod/results/isruc/isruc_cbramod_alpha0_axisblind_s3407|/panfs/accrepfs.vampire/data/neurogroup/mingyangjiang/EEGxPlore/CBraMod/results/isruc/isruc_cbramod_alpha0_axisblind_s42,manuscript_final_v2 method_summary,canonical registry group
CBraMod,ISRUC,frozen_probe,none,registry_aggregate,3,"42,1024,3407",True,True,True,supporting_or_boundary,0.7562040134891609,0.0032567188564978,0.71119704,0.00994481,0.7516456,0.00548107,0.7750524205277783,0.0091585327118096,21587461.0,15.333333333333334,/panfs/accrepfs.vampire/data/neurogroup/mingyangjiang/EEGxPlore/CBraMod/results/isruc/isruc_cbramod_frozen_probe_s1024_lr2e-4_b8_e20|/panfs/accrepfs.vampire/data/neurogroup/mingyangjiang/EEGxPlore/CBraMod/results/isruc/isruc_cbramod_frozen_probe_s3407_lr2e-4_b8_e20|/panfs/accrepfs.vampire/data/neurogroup/mingyangjiang/EEGxPlore/CBraMod/results/isruc/isruc_cbramod_frozen_probe_s42_lr2e-4_b8_e20,manuscript_final_v2 method_summary,canonical registry group
CBraMod,ISRUC,full_finetune,none,registry_aggregate,3,"42,1024,3407",True,True,False,supporting_or_boundary,0.7810202529376736,0.0104878855634447,0.7405753774236393,0.0116344819923885,0.7779849038976447,0.0098648414210115,0.8008950400997719,0.0082306009679776,26471261.0,7.666666666666667,/panfs/accrepfs.vampire/data/neurogroup/mingyangjiang/EEGxPlore/CBraMod/results/isruc/isruc_cbramod_dense_s1024_lr2e-4_b8_e20|/panfs/accrepfs.vampire/data/neurogroup/mingyangjiang/EEGxPlore/CBraMod/results/isruc/isruc_cbramod_dense_s3407_lr2e-4_b8_e20|/panfs/accrepfs.vampire/data/neurogroup/mingyangjiang/EEGxPlore/CBraMod/results/isruc/isruc_cbramod_dense_s42_lr5e-5_b8_e20,registry aggregate,incomplete or legacy/non-homogeneous group
CBraMod,ISRUC,generic_bottleneck,none,registry_aggregate,3,"42,1024,3407",True,True,False,supporting_or_boundary,0.7453075983774077,0.0063424402065028,0.7029874853013178,0.0074107092795173,0.7420946682455406,0.003854559443179,0.7676256111282018,0.0041927386688367,21613726.0,14.666666666666666,/panfs/accrepfs.vampire/data/neurogroup/mingyangjiang/EEGxPlore/CBraMod/results/isruc/isruc_cbramod_alpha0_frozen_generic_r64_s1024|/panfs/accrepfs.vampire/data/neurogroup/mingyangjiang/EEGxPlore/CBraMod/results/isruc/isruc_cbramod_alpha0_frozen_generic_r64_s3407|/panfs/accrepfs.vampire/data/neurogroup/mingyangjiang/EEGxPlore/CBraMod/results/isruc/isruc_cbramod_frozen_generic_s42_lr2e-4_b8_e20,registry aggregate,incomplete or legacy/non-homogeneous group
CBraMod,ISRUC,interaction_aligned,channel,registry_aggregate,3,"42,1024,3407",True,True,False,supporting_or_boundary,0.7480842224322377,0.0041082930497341,0.7007649683698792,0.0088236464095895,0.737630005945412,0.0113731416172355,0.763004634996644,0.0099743270618983,21604700.666666668,11.666666666666666,/panfs/accrepfs.vampire/data/neurogroup/mingyangjiang/EEGxPlore/CBraMod/results/isruc/isruc_cbramod_alpha0_frozen_channel_r32_s1024|/panfs/accrepfs.vampire/data/neurogroup/mingyangjiang/EEGxPlore/CBraMod/results/isruc/isruc_cbramod_alpha0_frozen_channel_r32_s3407|/panfs/accrepfs.vampire/data/neurogroup/mingyangjiang/EEGxPlore/CBraMod/results/isruc/isruc_cbramod_frozen_channel_s42_lr2e-4_b8_e20,registry aggregate,incomplete or legacy/non-homogeneous group
CBraMod,ISRUC,interaction_aligned,channel_patch,registry_aggregate,3,"42,1024,3407",True,True,True,primary_RQ2_candidate,0.7518881352346255,0.0064805114096719,0.7070294,0.00987255,0.74847116,0.00842348,0.7715507408569685,0.007786651696003,21647071.0,13.333333333333334,/panfs/accrepfs.vampire/data/neurogroup/mingyangjiang/EEGxPlore/CBraMod/results/isruc/isruc_cbramod_frozen_channel_patch_s1024_r64_lr2e-4_b8_e20|/panfs/accrepfs.vampire/data/neurogroup/mingyangjiang/EEGxPlore/CBraMod/results/isruc/isruc_cbramod_frozen_channel_patch_s3407_r64_lr2e-4_b8_e20|/panfs/accrepfs.vampire/data/neurogroup/mingyangjiang/EEGxPlore/CBraMod/results/isruc/isruc_cbramod_frozen_channel_patch_s42_lr2e-4_b8_e20,manuscript_final_v2 method_summary,canonical registry group
CBraMod,ISRUC,interaction_aligned,patch,registry_aggregate,3,"42,1024,3407",True,True,False,supporting_or_boundary,0.7484250677489114,0.0048563464318787,0.7033360303592718,0.0086395265196983,0.7415143953150146,0.0150158065017344,0.7667403440350113,0.0108632599049231,21604700.666666668,12.666666666666666,/panfs/accrepfs.vampire/data/neurogroup/mingyangjiang/EEGxPlore/CBraMod/results/isruc/isruc_cbramod_alpha0_frozen_patch_r32_s1024|/panfs/accrepfs.vampire/data/neurogroup/mingyangjiang/EEGxPlore/CBraMod/results/isruc/isruc_cbramod_alpha0_frozen_patch_r32_s3407|/panfs/accrepfs.vampire/data/neurogroup/mingyangjiang/EEGxPlore/CBraMod/results/isruc/isruc_cbramod_frozen_patch_s42_lr2e-4_b8_e20,registry aggregate,incomplete or legacy/non-homogeneous group
CBraMod,ISRUC,lora,none,registry_aggregate,3,"42,1024,3407",True,True,False,supporting_or_boundary,0.7513696190917086,0.0045375073617563,0.7096292881254959,0.0084508950427334,0.74660064500332,0.0070344493221067,0.7734788536143595,0.0063319723074931,21664261.0,12.666666666666666,/panfs/accrepfs.vampire/data/neurogroup/mingyangjiang/EEGxPlore/CBraMod/results/isruc/isruc_cbramod_lora_qkv_r8_s1024_lr2e-4_b8_e20|/panfs/accrepfs.vampire/data/neurogroup/mingyangjiang/EEGxPlore/CBraMod/results/isruc/isruc_cbramod_lora_qkv_r8_s3407_lr2e-4_b8_e20|/panfs/accrepfs.vampire/data/neurogroup/mingyangjiang/EEGxPlore/CBraMod/results/isruc/isruc_cbramod_lora_qkv_r8_s42_lr2e-4_b8_e20,registry aggregate,incomplete or legacy/non-homogeneous group
CBraMod,ISRUC,native_full_finetune,channel,registry_aggregate,3,"42,1024,3407",True,True,False,supporting_or_boundary,0.7809486946588508,0.0058298713548488,0.7431639855009023,0.0009889364904245,0.7793397804768556,0.0046852007951946,0.8016910859306213,0.0020317409873325,26501066.0,9.0,/panfs/accrepfs.vampire/data/neurogroup/mingyangjiang/EEGxPlore/CBraMod/results/isruc/isruc_cbramod_alpha0_full_channel_r64_s1024|/panfs/accrepfs.vampire/data/neurogroup/mingyangjiang/EEGxPlore/CBraMod/results/isruc/isruc_cbramod_alpha0_full_channel_r64_s3407|/panfs/accrepfs.vampire/data/neurogroup/mingyangjiang/EEGxPlore/CBraMod/results/isruc/isruc_cbramod_native_full_channel_s42_lr2e-4_b8_e20,registry aggregate,incomplete or legacy/non-homogeneous group
CBraMod,ISRUC,native_full_finetune,channel_patch,registry_aggregate,3,"42,1024,3407",True,True,False,supporting_or_boundary,0.7829149127993298,0.011773398381809,0.7441967431974007,0.0124758194937183,0.7781834315118614,0.0154565077708047,0.8009742113180369,0.0129130884819066,26530871.0,11.333333333333334,/panfs/accrepfs.vampire/data/neurogroup/mingyangjiang/EEGxPlore/CBraMod/results/isruc/isruc_cbramod_alpha0_full_channel_patch_r64_s1024|/panfs/accrepfs.vampire/data/neurogroup/mingyangjiang/EEGxPlore/CBraMod/results/isruc/isruc_cbramod_alpha0_full_channel_patch_r64_s3407|/panfs/accrepfs.vampire/data/neurogroup/mingyangjiang/EEGxPlore/CBraMod/results/isruc/isruc_cbramod_native_full_channel_patch_s42_lr2e-4_b8_e20,registry aggregate,incomplete or legacy/non-homogeneous group
CBraMod,ISRUC,native_full_finetune,patch,registry_aggregate,3,"42,1024,3407",True,True,False,supporting_or_boundary,0.7701257716904866,0.0044469254499489,0.7354475003671503,0.0075076321294156,0.7677044620973825,0.0054358114212307,0.7923869111005788,0.0063973416117041,26501066.0,7.0,/panfs/accrepfs.vampire/data/neurogroup/mingyangjiang/EEGxPlore/CBraMod/results/isruc/isruc_cbramod_alpha0_full_patch_r64_s1024|/panfs/accrepfs.vampire/data/neurogroup/mingyangjiang/EEGxPlore/CBraMod/results/isruc/isruc_cbramod_alpha0_full_patch_r64_s3407|/panfs/accrepfs.vampire/data/neurogroup/mingyangjiang/EEGxPlore/CBraMod/results/isruc/isruc_cbramod_native_full_patch_s42_lr2e-4_b8_e20,registry aggregate,incomplete or legacy/non-homogeneous group
CBraMod,ISRUC,upper_k_finetune,none,registry_aggregate,3,"42,1024,3407",True,True,False,supporting_or_boundary,0.7773589789158524,0.0016301095507792,0.7405109158643871,0.0089646407604068,0.7724919533805691,0.0027999817737184,0.7972003305041926,0.0071346305546461,22392661.0,7.0,/panfs/accrepfs.vampire/data/neurogroup/mingyangjiang/EEGxPlore/CBraMod/results/isruc/isruc_cbramod_upper2_s1024_lr2e-4_b8_e20|/panfs/accrepfs.vampire/data/neurogroup/mingyangjiang/EEGxPlore/CBraMod/results/isruc/isruc_cbramod_upper2_s3407_lr2e-4_b8_e20|/panfs/accrepfs.vampire/data/neurogroup/mingyangjiang/EEGxPlore/CBraMod/results/isruc/isruc_cbramod_upper2_s42_lr2e-4_b8_e20,registry aggregate,incomplete or legacy/non-homogeneous group
CBraMod,PhysioNet-MI,axis_blind,generic_token_control,registry_aggregate,3,"42,1024,3407",True,True,True,supporting_or_boundary,0.5393752342987977,0.0040889887157391,0.3857638880949554,0.0055017827751201,0.5423753334205476,0.0065641975344073,0.5423483866964891,0.0065725176082746,41181753.0,4.666666666666667,/panfs/accrepfs.vampire/data/neurogroup/mingyangjiang/EEGxPlore/CBraMod/results/physionet_mi/physionet_mi_cbramod_frozen_axisblind_s1024_r148_lr2e-4_b64_e40|/panfs/accrepfs.vampire/data/neurogroup/mingyangjiang/EEGxPlore/CBraMod/results/physionet_mi/physionet_mi_cbramod_frozen_axisblind_s3407_r148_lr2e-4_b64_e40|/panfs/accrepfs.vampire/data/neurogroup/mingyangjiang/EEGxPlore/CBraMod/results/physionet_mi/physionet_mi_cbramod_frozen_axisblind_s42_lr2e-4_b64_e40,registry aggregate,canonical registry group
CBraMod,PhysioNet-MI,frozen_probe,none,registry_aggregate,3,"42,1024,3407",True,True,True,supporting_or_boundary,0.5434788746183763,0.0036412869526744,0.39120966,0.00490012,0.54547241,0.00380838,0.5454409760921585,0.0038311821247469,41121804.0,8.666666666666666,/panfs/accrepfs.vampire/data/neurogroup/mingyangjiang/EEGxPlore/CBraMod/results/physionet_mi/physionet_mi_cbramod_frozen_probe_s1024_lr2e-4_b64_e40|/panfs/accrepfs.vampire/data/neurogroup/mingyangjiang/EEGxPlore/CBraMod/results/physionet_mi/physionet_mi_cbramod_frozen_probe_s3407_lr2e-4_b64_e40|/panfs/accrepfs.vampire/data/neurogroup/mingyangjiang/EEGxPlore/CBraMod/results/physionet_mi/physionet_mi_cbramod_frozen_probe_s42_lr2e-4_b64_e40,manuscript_final_v2 method_summary,canonical registry group
CBraMod,PhysioNet-MI,full_finetune,none,registry_aggregate,3,"42,1024,3407",True,True,False,supporting_or_boundary,0.6227507354048738,0.004228106350235,0.4969199207830095,0.005610638641063,0.6237671183411168,0.0041432125026299,0.6237423686623186,0.0041364838547989,46005604.0,16.0,/panfs/accrepfs.vampire/data/neurogroup/mingyangjiang/EEGxPlore/CBraMod/results/physionet_mi/physionet_mi_cbramod_dense_s1024_lr2e-4_b64_e40|/panfs/accrepfs.vampire/data/neurogroup/mingyangjiang/EEGxPlore/CBraMod/results/physionet_mi/physionet_mi_cbramod_dense_s3407_lr2e-4_b64_e40|/panfs/accrepfs.vampire/data/neurogroup/mingyangjiang/EEGxPlore/CBraMod/results/physionet_mi/physionet_mi_cbramod_dense_s42_lr2e-4_b64_e40,registry aggregate,incomplete or legacy/non-homogeneous group
CBraMod,PhysioNet-MI,generic_bottleneck,none,registry_aggregate,3,"42,1024,3407",True,True,True,supporting_or_boundary,0.5507952400999209,0.0103679651786249,0.40101272,0.01383349,0.55266695,0.00915888,0.5526360204772569,0.0091546495111513,41148069.0,4.666666666666667,/panfs/accrepfs.vampire/data/neurogroup/mingyangjiang/EEGxPlore/CBraMod/results/physionet_mi/physionet_mi_cbramod_frozen_generic_r64_s42_lr2e-4_b64_e40|/panfs/accrepfs.vampire/data/neurogroup/mingyangjiang/EEGxPlore/CBraMod/results/physionet_mi/physionet_mi_cbramod_frozen_generic_s1024_r64_lr2e-4_b64_e40|/panfs/accrepfs.vampire/data/neurogroup/mingyangjiang/EEGxPlore/CBraMod/results/physionet_mi/physionet_mi_cbramod_frozen_generic_s3407_r64_lr2e-4_b64_e40,manuscript_final_v2 method_summary,canonical registry group
CBraMod,PhysioNet-MI,interaction_aligned,channel,registry_aggregate,3,"42,1024,3407",True,True,True,supporting_or_boundary,0.5449240657411689,0.0089744879449106,0.39315367,0.01196015,0.54650631,0.00702695,0.5464674544695074,0.0070077286646634,41151609.0,6.666666666666667,/panfs/accrepfs.vampire/data/neurogroup/mingyangjiang/EEGxPlore/CBraMod/results/physionet_mi/physionet_mi_cbramod_frozen_channel_r64_s42_lr2e-4_b64_e40|/panfs/accrepfs.vampire/data/neurogroup/mingyangjiang/EEGxPlore/CBraMod/results/physionet_mi/physionet_mi_cbramod_frozen_channel_s1024_r64_lr2e-4_b64_e40|/panfs/accrepfs.vampire/data/neurogroup/mingyangjiang/EEGxPlore/CBraMod/results/physionet_mi/physionet_mi_cbramod_frozen_channel_s3407_r64_lr2e-4_b64_e40,manuscript_final_v2 method_summary,canonical registry group
CBraMod,PhysioNet-MI,interaction_aligned,channel_patch,registry_aggregate,3,"42,1024,3407",True,True,False,supporting_or_boundary,0.5465450905008633,0.0090132907687811,0.395346394090354,0.0120203846570208,0.5490488758271901,0.0091774684406048,0.5490230556611176,0.0091789116686748,41156283.333333336,11.666666666666666,/panfs/accrepfs.vampire/data/neurogroup/mingyangjiang/EEGxPlore/CBraMod/results/physionet_mi/physionet_mi_cbramod_frozen_channel_patch_r64_s42_lr2e-4_b64_e40|/panfs/accrepfs.vampire/data/neurogroup/mingyangjiang/EEGxPlore/CBraMod/results/physionet_mi/physionet_mi_cbramod_frozen_channel_patch_s1024_r32_lr2e-4_b64_e40|/panfs/accrepfs.vampire/data/neurogroup/mingyangjiang/EEGxPlore/CBraMod/results/physionet_mi/physionet_mi_cbramod_frozen_channel_patch_s3407_r32_lr2e-4_b64_e40,registry aggregate,incomplete or legacy/non-homogeneous group
CBraMod,PhysioNet-MI,interaction_aligned,patch,registry_aggregate,3,"42,1024,3407",True,True,True,supporting_or_boundary,0.5419430152002023,0.0188176246012034,0.3892019577879754,0.0250996489566474,0.5416480584626266,0.0188855863670432,0.5416159641175163,0.018874974946958,41151609.0,3.0,/panfs/accrepfs.vampire/data/neurogroup/mingyangjiang/EEGxPlore/CBraMod/results/physionet_mi/physionet_mi_cbramod_frozen_patch_r64_s42_lr2e-4_b64_e40|/panfs/accrepfs.vampire/data/neurogroup/mingyangjiang/EEGxPlore/CBraMod/results/physionet_mi/physionet_mi_cbramod_frozen_patch_s1024_r64_lr2e-4_b64_e40|/panfs/accrepfs.vampire/data/neurogroup/mingyangjiang/EEGxPlore/CBraMod/results/physionet_mi/physionet_mi_cbramod_frozen_patch_s3407_r64_lr2e-4_b64_e40,registry aggregate,canonical registry group
CBraMod,PhysioNet-MI,lora,none,registry_aggregate,3,"42,1024,3407",True,True,True,supporting_or_boundary,0.5493360954990039,0.0042766054993173,0.39906324,0.00567866,0.55162567,0.0046797,0.5516113622299051,0.0046810834919697,41198604.0,10.666666666666666,/panfs/accrepfs.vampire/data/neurogroup/mingyangjiang/EEGxPlore/CBraMod/results/physionet_mi/physionet_mi_cbramod_lora_qkv_r8_s1024_lr2e-4_b64_e40|/panfs/accrepfs.vampire/data/neurogroup/mingyangjiang/EEGxPlore/CBraMod/results/physionet_mi/physionet_mi_cbramod_lora_qkv_r8_s3407_lr2e-4_b64_e40|/panfs/accrepfs.vampire/data/neurogroup/mingyangjiang/EEGxPlore/CBraMod/results/physionet_mi/physionet_mi_cbramod_lora_qkv_r8_s42_lr2e-4_b64_e40,manuscript_final_v2 method_summary,canonical registry group
CBraMod,PhysioNet-MI,native_full_finetune,channel,registry_aggregate,3,"42,1024,3407",True,True,False,supporting_or_boundary,0.621442116951778,0.0091406609141229,0.4951857977882583,0.0122052698853903,0.6224970058021437,0.0085431541493876,0.6224702137018255,0.008559930542422,46035409.0,18.33333333333333,/panfs/accrepfs.vampire/data/neurogroup/mingyangjiang/EEGxPlore/CBraMod/results/physionet_mi/physionet_mi_cbramod_full_channel_r64_s42_lr2e-4_b64_e40|/panfs/accrepfs.vampire/data/neurogroup/mingyangjiang/EEGxPlore/CBraMod/results/physionet_mi/physionet_mi_cbramod_full_channel_s1024_r64_adaplr2e-4_lr2e-4_b64_e40|/panfs/accrepfs.vampire/data/neurogroup/mingyangjiang/EEGxPlore/CBraMod/results/physionet_mi/physionet_mi_cbramod_full_channel_s3407_r64_adaplr2e-4_lr2e-4_b64_e40,registry aggregate,incomplete or legacy/non-homogeneous group
CBraMod,PhysioNet-MI,native_full_finetune,channel_patch,registry_aggregate,3,"42,1024,3407",True,True,False,supporting_or_boundary,0.6246152782474277,0.0014546897138292,0.4993842215001137,0.0019449263613895,0.6250826362847725,0.001722752488868,0.6250410751908922,0.0017131318619772,46065214.0,16.666666666666668,/panfs/accrepfs.vampire/data/neurogroup/mingyangjiang/EEGxPlore/CBraMod/results/physionet_mi/physionet_mi_cbramod_full_channel_patch_r64_s42_lr2e-4_b64_e40|/panfs/accrepfs.vampire/data/neurogroup/mingyangjiang/EEGxPlore/CBraMod/results/physionet_mi/physionet_mi_cbramod_full_channel_patch_s1024_r64_adaplr2e-4_lr2e-4_b64_e40|/panfs/accrepfs.vampire/data/neurogroup/mingyangjiang/EEGxPlore/CBraMod/results/physionet_mi/physionet_mi_cbramod_full_channel_patch_s3407_r64_adaplr2e-4_lr2e-4_b64_e40,registry aggregate,incomplete or legacy/non-homogeneous group
CBraMod,PhysioNet-MI,native_full_finetune,patch,registry_aggregate,3,"42,1024,3407",True,True,False,supporting_or_boundary,0.62625046196899,0.0031067889026856,0.501590275864183,0.0041240621479088,0.6274052924247545,0.0031333902654768,0.6273700187828656,0.0031269081388927,46035409.0,24.0,/panfs/accrepfs.vampire/data/neurogroup/mingyangjiang/EEGxPlore/CBraMod/results/physionet_mi/physionet_mi_cbramod_full_patch_r64_s42_lr2e-4_b64_e40|/panfs/accrepfs.vampire/data/neurogroup/mingyangjiang/EEGxPlore/CBraMod/results/physionet_mi/physionet_mi_cbramod_full_patch_s1024_r64_adaplr2e-4_lr2e-4_b64_e40|/panfs/accrepfs.vampire/data/neurogroup/mingyangjiang/EEGxPlore/CBraMod/results/physionet_mi/physionet_mi_cbramod_full_patch_s3407_r64_adaplr2e-4_lr2e-4_b64_e40,registry aggregate,incomplete or legacy/non-homogeneous group
CBraMod,PhysioNet-MI,upper_k_finetune,none,registry_aggregate,3,"42,1024,3407",True,True,True,supporting_or_boundary,0.5984789863326366,0.0078214628900053,0.46459346,0.01046216,0.60002931,0.00929412,0.5999970511374826,0.00929632879034,41927004.0,8.666666666666666,/panfs/accrepfs.vampire/data/neurogroup/mingyangjiang/EEGxPlore/CBraMod/results/physionet_mi/physionet_mi_cbramod_upper2_s1024_lr2e-4_b64_e40|/panfs/accrepfs.vampire/data/neurogroup/mingyangjiang/EEGxPlore/CBraMod/results/physionet_mi/physionet_mi_cbramod_upper2_s3407_lr2e-4_b64_e40|/panfs/accrepfs.vampire/data/neurogroup/mingyangjiang/EEGxPlore/CBraMod/results/physionet_mi/physionet_mi_cbramod_upper2_s42_lr2e-4_b64_e40,manuscript_final_v2 method_summary,canonical registry group
CBraMod,SEED-V,axis_blind,generic_token_control,registry_aggregate,3,"42,1024,3407",True,True,True,supporting_or_boundary,0.3005707474248119,0.008053847067473,0.1231685000377189,0.0107855575716889,0.299316996685651,0.0105350635113522,0.3039721363649708,0.0105776777783506,10141954.0,11.666666666666666,/panfs/accrepfs.vampire/data/neurogroup/mingyangjiang/EEGxPlore/CBraMod/results/seedv/seedv_evalmode_frozen_axis_blind_s1024_20260804|/panfs/accrepfs.vampire/data/neurogroup/mingyangjiang/EEGxPlore/CBraMod/results/seedv/seedv_evalmode_frozen_axis_blind_s3407_requeue_20260805|/panfs/accrepfs.vampire/data/neurogroup/mingyangjiang/EEGxPlore/CBraMod/results/seedv/seedv_evalmode_frozen_axis_blind_s42_20260804,registry aggregate,canonical registry group
CBraMod,SEED-V,frozen_probe,none,registry_aggregate,3,"42,1024,3407",True,True,True,supporting_or_boundary,0.298685274819937,0.0011518018654193,0.1209287,0.0017179,0.29308464,0.00492685,0.29850949504081,0.0032290751289398,10082005.0,13.666666666666666,/panfs/accrepfs.vampire/data/neurogroup/mingyangjiang/EEGxPlore/CBraMod/results/seedv/seedv_evalmode_frozen_dense_s1024_20260804|/panfs/accrepfs.vampire/data/neurogroup/mingyangjiang/EEGxPlore/CBraMod/results/seedv/seedv_evalmode_frozen_dense_s3407_20260804|/panfs/accrepfs.vampire/data/neurogroup/mingyangjiang/EEGxPlore/CBraMod/results/seedv/seedv_evalmode_frozen_dense_s42_20260804,manuscript_final_v2 method_summary,canonical registry group
CBraMod,SEED-V,full_finetune,none,registry_aggregate,3,"42,1024,3407",True,True,True,supporting_or_boundary,0.3876198148911928,0.0114983877766819,0.24080397,0.01600748,0.3861221,0.01362911,0.3963813243057734,0.0141870052282935,14965805.0,15.0,/panfs/accrepfs.vampire/data/neurogroup/mingyangjiang/EEGxPlore/CBraMod/results/seedv/seedv_dense_full_s1024|/panfs/accrepfs.vampire/data/neurogroup/mingyangjiang/EEGxPlore/CBraMod/results/seedv/seedv_dense_full_s3407|/panfs/accrepfs.vampire/data/neurogroup/mingyangjiang/EEGxPlore/CBraMod/results/seedv/seedv_dense_full_s42,manuscript_final_v2 method_summary,canonical registry group
CBraMod,SEED-V,generic_bottleneck,none,registry_aggregate,3,"42,1024,3407",True,True,True,supporting_or_boundary,0.2938417387815842,0.0008062965127148,0.11338613,0.00188079,0.29142468,0.00303632,0.2944019657704686,0.0042625937996193,10108270.0,8.0,/panfs/accrepfs.vampire/data/neurogroup/mingyangjiang/EEGxPlore/CBraMod/results/seedv/seedv_evalmode_frozen_generic_s1024_20260804|/panfs/accrepfs.vampire/data/neurogroup/mingyangjiang/EEGxPlore/CBraMod/results/seedv/seedv_evalmode_frozen_generic_s3407_20260804|/panfs/accrepfs.vampire/data/neurogroup/mingyangjiang/EEGxPlore/CBraMod/results/seedv/seedv_evalmode_frozen_generic_s42_20260804,manuscript_final_v2 method_summary,canonical registry group
CBraMod,SEED-V,interaction_aligned,channel,registry_aggregate,3,"42,1024,3407",True,True,True,supporting_or_boundary,0.2918279811285288,0.0040149591629334,0.11267003,0.00507698,0.28568275,0.00489885,0.2916853323927109,0.0031258878927573,10111810.0,9.333333333333334,/panfs/accrepfs.vampire/data/neurogroup/mingyangjiang/EEGxPlore/CBraMod/results/seedv/seedv_evalmode_frozen_channel_s1024_lr1e-5_20260804|/panfs/accrepfs.vampire/data/neurogroup/mingyangjiang/EEGxPlore/CBraMod/results/seedv/seedv_evalmode_frozen_channel_s3407_lr1e-5_20260804|/panfs/accrepfs.vampire/data/neurogroup/mingyangjiang/EEGxPlore/CBraMod/results/seedv/seedv_evalmode_frozen_channel_s42_lr1e-5_20260804,manuscript_final_v2 method_summary,canonical registry group
CBraMod,SEED-V,interaction_aligned,patch,registry_aggregate,3,"42,1024,3407",True,True,True,supporting_or_boundary,0.2950850545967181,0.0036913997756768,0.116890253128346,0.0058906294071386,0.2929651239311973,0.0080349458674697,0.2985272174514308,0.0084702752927389,10111810.0,14.333333333333334,/panfs/accrepfs.vampire/data/neurogroup/mingyangjiang/EEGxPlore/CBraMod/results/seedv/seedv_evalmode_frozen_patch_singleton_s1024_20260804|/panfs/accrepfs.vampire/data/neurogroup/mingyangjiang/EEGxPlore/CBraMod/results/seedv/seedv_evalmode_frozen_patch_singleton_s3407_20260804|/panfs/accrepfs.vampire/data/neurogroup/mingyangjiang/EEGxPlore/CBraMod/results/seedv/seedv_evalmode_frozen_patch_singleton_s42_20260804,registry aggregate,canonical registry group
CBraMod,SEED-V,lora,none,registry_aggregate,3,"42,1024,3407",True,True,True,supporting_or_boundary,0.3838240224827433,0.0026913752798628,0.23313215,0.00237924,0.38446788,0.00153052,0.3925218352633037,0.0009678434292905,10158805.0,18.0,/panfs/accrepfs.vampire/data/neurogroup/mingyangjiang/EEGxPlore/CBraMod/results/seedv/seedv_evalmode_frozen_lora_qkv_r8_s1024_20260804|/panfs/accrepfs.vampire/data/neurogroup/mingyangjiang/EEGxPlore/CBraMod/results/seedv/seedv_evalmode_frozen_lora_qkv_r8_s3407_20260804|/panfs/accrepfs.vampire/data/neurogroup/mingyangjiang/EEGxPlore/CBraMod/results/seedv/seedv_evalmode_frozen_lora_qkv_r8_s42_20260804,manuscript_final_v2 method_summary,canonical registry group
CBraMod,SEED-V,native_full_finetune,channel,registry_aggregate,3,"42,1024,3407",True,True,True,supporting_or_boundary,0.395317055076252,0.0091842354365047,0.25073212,0.01159802,0.39465589,0.0101791,0.4049225131838106,0.0099228496706209,14995610.0,17.0,/panfs/accrepfs.vampire/data/neurogroup/mingyangjiang/EEGxPlore/CBraMod/results/seedv/seedv_native_full_channel_s1024|/panfs/accrepfs.vampire/data/neurogroup/mingyangjiang/EEGxPlore/CBraMod/results/seedv/seedv_native_full_channel_s3407|/panfs/accrepfs.vampire/data/neurogroup/mingyangjiang/EEGxPlore/CBraMod/results/seedv/seedv_native_full_channel_s42,manuscript_final_v2 method_summary,canonical registry group
CBraMod,SEED-V,upper_k_finetune,none,registry_aggregate,3,"42,1024,3407",True,True,True,supporting_or_boundary,0.3898094306728172,0.0013654162633616,0.23930199,0.00301232,0.38812571,0.00562567,0.3958007624869469,0.0060032463330411,10887205.0,13.333333333333334,/panfs/accrepfs.vampire/data/neurogroup/mingyangjiang/EEGxPlore/CBraMod/results/seedv/seedv_evalmode_frozen_upper2_s1024_20260804|/panfs/accrepfs.vampire/data/neurogroup/mingyangjiang/EEGxPlore/CBraMod/results/seedv/seedv_evalmode_frozen_upper2_s3407_requeue_20260805|/panfs/accrepfs.vampire/data/neurogroup/mingyangjiang/EEGxPlore/CBraMod/results/seedv/seedv_evalmode_frozen_upper2_s42_20260804,manuscript_final_v2 method_summary,canonical registry group
CBraMod,TUEV,axis_blind,generic_token_control,registry_aggregate,3,"42,1024,3407",True,True,True,primary_RQ2_candidate,0.4580029030210152,0.0082579084031114,0.45816061,0.01021884,0.47631535,0.00521698,0.7219390734921683,0.0055757847159303,16262355.0,7.0,/panfs/accrepfs.vampire/data/neurogroup/mingyangjiang/EEGxPlore/CBraMod/results/tuev/tuev_cbramod_frozen_axisblind_s1024_r148_lr1e-4_b8_e20|/panfs/accrepfs.vampire/data/neurogroup/mingyangjiang/EEGxPlore/CBraMod/results/tuev/tuev_cbramod_frozen_axisblind_s3407_r148_lr1e-4_b8_e20|/panfs/accrepfs.vampire/data/neurogroup/mingyangjiang/EEGxPlore/CBraMod/results/tuev/tuev_cbramod_frozen_axisblind_s42_r148_lr1e-4_b8_e20,manuscript_final_v2 method_summary,canonical registry group
CBraMod,TUEV,frozen_probe,none,registry_aggregate,3,"42,1024,3407",True,True,True,supporting_or_boundary,0.4656140489357275,0.0314704783018403,0.4699457,0.01954496,0.48129525,0.01922409,0.7278635588450506,0.0095798399921608,16202406.0,8.333333333333334,/panfs/accrepfs.vampire/data/neurogroup/mingyangjiang/EEGxPlore/CBraMod/results/tuev/tuev_cbramod_frozen_probe_s1024_lr1e-4_b8_e20|/panfs/accrepfs.vampire/data/neurogroup/mingyangjiang/EEGxPlore/CBraMod/results/tuev/tuev_cbramod_frozen_probe_s3407_lr1e-4_b8_e20|/panfs/accrepfs.vampire/data/neurogroup/mingyangjiang/EEGxPlore/CBraMod/results/tuev/tuev_cbramod_frozen_probe_s42_lr1e-4_b8_e20,manuscript_final_v2 method_summary,canonical registry group
CBraMod,TUEV,full_finetune,none,registry_aggregate,3,"42,1024,3407",True,True,True,supporting_or_boundary,0.6201429709506181,0.0241277203696126,0.64244363,0.02312439,0.56545696,0.03694844,0.8139259633125607,0.0102475713450169,21086206.0,7.333333333333333,/panfs/accrepfs.vampire/data/neurogroup/mingyangjiang/EEGxPlore/CBraMod/results/tuev/tuev_cbramod_dense_s1024_lr1e-4_b8_e20|/panfs/accrepfs.vampire/data/neurogroup/mingyangjiang/EEGxPlore/CBraMod/results/tuev/tuev_cbramod_dense_s3407_lr1e-4_b8_e20|/panfs/accrepfs.vampire/data/neurogroup/mingyangjiang/EEGxPlore/CBraMod/results/tuev/tuev_cbramod_dense_s42_lr1e-4_b8_e20,manuscript_final_v2 method_summary,canonical registry group
CBraMod,TUEV,generic_bottleneck,none,registry_aggregate,3,"42,1024,3407",True,True,True,supporting_or_boundary,0.4611558816771409,0.0124045531791126,0.44123438,0.00765989,0.4741011,0.00700583,0.7121146250952176,0.004621837368261,16228671.0,9.0,/panfs/accrepfs.vampire/data/neurogroup/mingyangjiang/EEGxPlore/CBraMod/results/tuev/tuev_cbramod_frozen_generic_s1024_r64_lr1e-4_b8_e20|/panfs/accrepfs.vampire/data/neurogroup/mingyangjiang/EEGxPlore/CBraMod/results/tuev/tuev_cbramod_frozen_generic_s3407_r64_lr1e-4_b8_e20|/panfs/accrepfs.vampire/data/neurogroup/mingyangjiang/EEGxPlore/CBraMod/results/tuev/tuev_cbramod_frozen_generic_s42_r64_lr1e-4_b8_e20,manuscript_final_v2 method_summary,canonical registry group
CBraMod,TUEV,interaction_aligned,channel,registry_aggregate,3,"42,1024,3407",True,True,True,supporting_or_boundary,0.4558947332067463,0.0022366736294179,0.4643181932089294,0.0144125993109095,0.4798212360948523,0.0063220349186416,0.7258355841981697,0.0074896066592044,16232211.0,8.333333333333334,/panfs/accrepfs.vampire/data/neurogroup/mingyangjiang/EEGxPlore/CBraMod/results/tuev/tuev_cbramod_frozen_channel_s1024_r64_lr1e-4_b8_e20|/panfs/accrepfs.vampire/data/neurogroup/mingyangjiang/EEGxPlore/CBraMod/results/tuev/tuev_cbramod_frozen_channel_s3407_r64_lr1e-4_b8_e20|/panfs/accrepfs.vampire/data/neurogroup/mingyangjiang/EEGxPlore/CBraMod/results/tuev/tuev_cbramod_frozen_channel_s42_r64_lr1e-4_b8_e20,registry aggregate,canonical registry group
CBraMod,TUEV,interaction_aligned,channel_patch,registry_aggregate,3,"42,1024,3407",True,True,True,primary_RQ2_candidate,0.4547937007354489,0.0222668524994896,0.4496754,0.02122007,0.47196254,0.02156431,0.7173977231830272,0.0112271210663515,16262016.0,7.0,/panfs/accrepfs.vampire/data/neurogroup/mingyangjiang/EEGxPlore/CBraMod/results/tuev/tuev_cbramod_frozen_channel_patch_s1024_r64_lr1e-4_b8_e20|/panfs/accrepfs.vampire/data/neurogroup/mingyangjiang/EEGxPlore/CBraMod/results/tuev/tuev_cbramod_frozen_channel_patch_s3407_r64_lr1e-4_b8_e20|/panfs/accrepfs.vampire/data/neurogroup/mingyangjiang/EEGxPlore/CBraMod/results/tuev/tuev_cbramod_frozen_channel_patch_s42_r64_lr1e-4_b8_e20,manuscript_final_v2 method_summary,canonical registry group
CBraMod,TUEV,interaction_aligned,patch,registry_aggregate,3,"42,1024,3407",True,True,True,supporting_or_boundary,0.4552915653467641,0.0068367309016282,0.444335528304772,0.0029274683817452,0.4721568998005088,0.008419266208289,0.714501800732353,0.0022443474159314,16232211.0,10.0,/panfs/accrepfs.vampire/data/neurogroup/mingyangjiang/EEGxPlore/CBraMod/results/tuev/tuev_cbramod_frozen_patch_s1024_r64_lr1e-4_b8_e20|/panfs/accrepfs.vampire/data/neurogroup/mingyangjiang/EEGxPlore/CBraMod/results/tuev/tuev_cbramod_frozen_patch_s3407_r64_lr1e-4_b8_e20|/panfs/accrepfs.vampire/data/neurogroup/mingyangjiang/EEGxPlore/CBraMod/results/tuev/tuev_cbramod_frozen_patch_s42_r64_lr1e-4_b8_e20,registry aggregate,canonical registry group
CBraMod,TUEV,lora,none,registry_aggregate,3,"42,1024,3407",True,True,True,supporting_or_boundary,0.5550461369354313,0.0089716641929079,0.54471666,0.01230394,0.52657876,0.00551675,0.7641399334397798,0.0059460137837209,16279206.0,6.666666666666667,/panfs/accrepfs.vampire/data/neurogroup/mingyangjiang/EEGxPlore/CBraMod/results/tuev/tuev_cbramod_frozen_lora_qkv_r8_s1024_lr1e-4_b8_e20|/panfs/accrepfs.vampire/data/neurogroup/mingyangjiang/EEGxPlore/CBraMod/results/tuev/tuev_cbramod_frozen_lora_qkv_r8_s3407_lr1e-4_b8_e20_resub|/panfs/accrepfs.vampire/data/neurogroup/mingyangjiang/EEGxPlore/CBraMod/results/tuev/tuev_cbramod_frozen_lora_qkv_r8_s42_lr1e-4_b8_e20,manuscript_final_v2 method_summary,canonical registry group
CBraMod,TUEV,native_full_finetune,channel,registry_aggregate,3,"42,1024,3407",True,True,True,supporting_or_boundary,0.6233558397894622,0.021609123878427,0.6361631777209458,0.0464299579604733,0.5954235845549583,0.0493378358419725,0.811892910030076,0.0223151126602289,21116011.0,4.666666666666667,/panfs/accrepfs.vampire/data/neurogroup/mingyangjiang/EEGxPlore/CBraMod/results/tuev/tuev_cbramod_full_channel_s1024_r64_lr1e-4_b8_e20|/panfs/accrepfs.vampire/data/neurogroup/mingyangjiang/EEGxPlore/CBraMod/results/tuev/tuev_cbramod_full_channel_s3407_r64_lr1e-4_b8_e20_resub|/panfs/accrepfs.vampire/data/neurogroup/mingyangjiang/EEGxPlore/CBraMod/results/tuev/tuev_cbramod_full_channel_s42_r64_lr1e-4_b8_e20,registry aggregate,canonical registry group
CBraMod,TUEV,native_full_finetune,channel_patch,registry_aggregate,3,"42,1024,3407",True,True,True,supporting_or_boundary,0.632892204480388,0.0148424712523863,0.61835193,0.03834307,0.59037653,0.0572467,0.7999044918217599,0.0183118535141645,21145816.0,6.0,/panfs/accrepfs.vampire/data/neurogroup/mingyangjiang/EEGxPlore/CBraMod/results/tuev/tuev_cbramod_full_channel_patch_s1024_r64_lr1e-4_b8_e20|/panfs/accrepfs.vampire/data/neurogroup/mingyangjiang/EEGxPlore/CBraMod/results/tuev/tuev_cbramod_full_channel_patch_s3407_r64_lr1e-4_b8_e20|/panfs/accrepfs.vampire/data/neurogroup/mingyangjiang/EEGxPlore/CBraMod/results/tuev/tuev_cbramod_full_channel_patch_s42_r64_lr1e-4_b8_e20,manuscript_final_v2 method_summary,canonical registry group
CBraMod,TUEV,native_full_finetune,patch,registry_aggregate,3,"42,1024,3407",True,True,True,supporting_or_boundary,0.6393128789582927,0.0117663474400315,0.6364301982228983,0.0271887855851586,0.6118134567507272,0.0309635466394519,0.8119844242315238,0.0152386056301671,21116011.0,3.6666666666666665,/panfs/accrepfs.vampire/data/neurogroup/mingyangjiang/EEGxPlore/CBraMod/results/tuev/tuev_cbramod_full_patch_s1024_r64_lr1e-4_b8_e20|/panfs/accrepfs.vampire/data/neurogroup/mingyangjiang/EEGxPlore/CBraMod/results/tuev/tuev_cbramod_full_patch_s3407_r64_lr1e-4_b8_e20|/panfs/accrepfs.vampire/data/neurogroup/mingyangjiang/EEGxPlore/CBraMod/results/tuev/tuev_cbramod_full_patch_s42_r64_lr1e-4_b8_e20,registry aggregate,canonical registry group
CBraMod,TUEV,upper_k_finetune,none,registry_aggregate,3,"42,1024,3407",True,True,True,supporting_or_boundary,0.5567185306533096,0.0311039898931779,0.56395976,0.0330202,0.51751988,0.0204382,0.7732020372511891,0.0155700504171609,17007606.0,5.666666666666667,/panfs/accrepfs.vampire/data/neurogroup/mingyangjiang/EEGxPlore/CBraMod/results/tuev/tuev_cbramod_upper2_s1024_lr1e-4_b8_e20|/panfs/accrepfs.vampire/data/neurogroup/mingyangjiang/EEGxPlore/CBraMod/results/tuev/tuev_cbramod_upper2_s3407_lr1e-4_b8_e20|/panfs/accrepfs.vampire/data/neurogroup/mingyangjiang/EEGxPlore/CBraMod/results/tuev/tuev_cbramod_upper2_s42_lr1e-4_b8_e20,manuscript_final_v2 method_summary,canonical registry group
LaBraM,FACED,frozen_native_generic,generic,registry_aggregate,3,"42,1024,3407",True,True,True,supporting_or_boundary,0.1781624619788871,0.002589364043372,0.0775309408486788,0.0031025664704769,0.169312475,0.002714929,0.1725831389455161,0.0027746925262232,28074.0,69.33333333333333,/panfs/accrepfs.vampire/data/neurogroup/mingyangjiang/EEGxPlore/LaBraM/checkpoints/faced_reviewer_r2_frozen_generic_seed1024|/panfs/accrepfs.vampire/data/neurogroup/mingyangjiang/EEGxPlore/LaBraM/checkpoints/faced_reviewer_r2_frozen_generic_seed3407|/panfs/accrepfs.vampire/data/neurogroup/mingyangjiang/EEGxPlore/LaBraM/checkpoints/faced_reviewer_r2_frozen_generic_seed42,manuscript_final_v3 cross_backbone_context,canonical registry group
LaBraM,FACED,frozen_native_patch,patch,registry_aggregate,3,"42,1024,3407",True,True,True,supporting_or_boundary,0.1673823582036142,0.0073553139045019,0.0642845755141111,0.0079067535470165,0.153743255,0.000390417,0.1563781405734493,0.0007395742931539,163010.0,39.333333333333336,/panfs/accrepfs.vampire/data/neurogroup/mingyangjiang/EEGxPlore/LaBraM/checkpoints/faced_reviewer_r2_frozen_patch_seed1024|/panfs/accrepfs.vampire/data/neurogroup/mingyangjiang/EEGxPlore/LaBraM/checkpoints/faced_reviewer_r2_frozen_patch_seed3407|/panfs/accrepfs.vampire/data/neurogroup/mingyangjiang/EEGxPlore/LaBraM/checkpoints/faced_reviewer_r2_frozen_patch_seed42,manuscript_final_v3 cross_backbone_context,canonical registry group
LaBraM,FACED,frozen_probe,none,registry_aggregate,3,"42,1024,3407",True,True,True,supporting_or_boundary,0.1400071569153695,0.0034483295530878,0.0352227067576997,0.0031208738707254,0.097696822,0.018597051,0.1031676840563557,0.017555021778877,1809.0,30.0,/panfs/accrepfs.vampire/data/neurogroup/mingyangjiang/EEGxPlore/LaBraM/checkpoints/faced_reviewer_r2_frozen_dense_seed1024|/panfs/accrepfs.vampire/data/neurogroup/mingyangjiang/EEGxPlore/LaBraM/checkpoints/faced_reviewer_r2_frozen_dense_seed3407|/panfs/accrepfs.vampire/data/neurogroup/mingyangjiang/EEGxPlore/LaBraM/checkpoints/faced_reviewer_r2_frozen_dense_seed42,manuscript_final_v3 cross_backbone_context,canonical registry group
LaBraM,FACED,lora,qkv,registry_aggregate,3,"42,1024,3407",True,True,True,supporting_or_boundary,0.2823403113258185,0.0324020587276335,0.19177241,0.03620483,0.27983302,0.03209393,0.2801255514069021,0.0318524165715373,78609.0,62.333333333333336,/panfs/accrepfs.vampire/data/neurogroup/mingyangjiang/EEGxPlore/LaBraM/checkpoints/faced_reviewer_r2_lora_qkv_r8_seed1024|/panfs/accrepfs.vampire/data/neurogroup/mingyangjiang/EEGxPlore/LaBraM/checkpoints/faced_reviewer_r2_lora_qkv_r8_seed3407|/panfs/accrepfs.vampire/data/neurogroup/mingyangjiang/EEGxPlore/LaBraM/checkpoints/faced_reviewer_r2_lora_qkv_r8_seed42,manuscript_final_v2 method_summary,canonical registry group
LaBraM,FACED,upper2,upper,registry_aggregate,3,"42,1024,3407",True,True,True,supporting_or_boundary,0.2968777956700661,0.0010846623414727,0.20809922,0.00124482,0.296596,0.00161812,0.2966331059316612,0.0015233410979761,967169.0,66.66666666666667,/panfs/accrepfs.vampire/data/neurogroup/mingyangjiang/EEGxPlore/LaBraM/checkpoints/faced_reviewer_r2_upper2_seed1024|/panfs/accrepfs.vampire/data/neurogroup/mingyangjiang/EEGxPlore/LaBraM/checkpoints/faced_reviewer_r2_upper2_seed3407|/panfs/accrepfs.vampire/data/neurogroup/mingyangjiang/EEGxPlore/LaBraM/checkpoints/faced_reviewer_r2_upper2_seed42,manuscript_final_v2 method_summary,canonical registry group
LaBraM,ISRUC,axis_blind,generic_token_control,registry_aggregate,3,"42,1024,3407",True,True,True,supporting_or_boundary,0.7232984103817328,0.0021862795565521,0.6831573889890157,0.0021260345353558,0.711230293,0.001990189,0.7456101362539256,0.0017647073652331,162006.0,22.0,/panfs/accrepfs.vampire/data/neurogroup/mingyangjiang/EEGxPlore/LaBraM/checkpoints/isruc_labram_axis_blind_b400_s1024_b16_lr2e-4_e30_retry_seqfix|/panfs/accrepfs.vampire/data/neurogroup/mingyangjiang/EEGxPlore/LaBraM/checkpoints/isruc_labram_axis_blind_b400_s3407_b16_lr2e-4_e30_retry_seqfix|/panfs/accrepfs.vampire/data/neurogroup/mingyangjiang/EEGxPlore/LaBraM/checkpoints/isruc_labram_axis_blind_b400_s42_b16_lr2e-4_e30_retry_seqfix,manuscript_final_v3 cross_backbone_context,canonical registry group
LaBraM,ISRUC,dense,none,registry_aggregate,1,42,False,True,True,supporting_or_boundary,0.804765071032708,0.0,0.7688569902257629,0.0,,,0.8210639088236777,0.0,6303541.0,8.0,/panfs/accrepfs.vampire/data/neurogroup/mingyangjiang/EEGxPlore/LaBraM/checkpoints/isruc_labram_dense_scale100_s42_b16_lr2e-4_e30_strict_rerun,registry aggregate,incomplete or legacy/non-homogeneous group
LaBraM,PhysioNet-MI,dense,none,registry_aggregate,3,"42,1024,3407",True,True,True,supporting_or_boundary,0.6093160871697446,0.0147189083987555,0.4790948,0.01957098,0.6103157,0.01536521,0.6102853714177366,0.0153540745173355,5820740.0,18.0,/panfs/accrepfs.vampire/data/neurogroup/mingyangjiang/EEGxPlore/LaBraM/checkpoints/physio_mi_labram_dense_locked_lr5e4_s1024_b64_e40_scale100|/panfs/accrepfs.vampire/data/neurogroup/mingyangjiang/EEGxPlore/LaBraM/checkpoints/physio_mi_labram_dense_locked_lr5e4_s3407_b64_e40_scale100|/panfs/accrepfs.vampire/data/neurogroup/mingyangjiang/EEGxPlore/LaBraM/checkpoints/physio_mi_labram_dense_sweep_lr5e4_s42_b64_e40_scale100,manuscript_final_v2 method_summary,canonical registry group
LaBraM,PhysioNet-MI,frozen_native_channel_patch,channel_patch,registry_aggregate,3,"42,1024,3407",True,True,True,supporting_or_boundary,0.283258619143694,0.0052134765174634,0.0444444,0.0069396,0.26702436,0.00956175,0.26723916303577,0.0095264401215302,86614.0,24.666666666666668,/panfs/accrepfs.vampire/data/neurogroup/mingyangjiang/EEGxPlore/LaBraM/checkpoints/physio_mi_frozen_channel_patch_lowrank_locked_lr5e4_s1024_b64_e40|/panfs/accrepfs.vampire/data/neurogroup/mingyangjiang/EEGxPlore/LaBraM/checkpoints/physio_mi_frozen_channel_patch_lowrank_locked_lr5e4_s3407_b64_e40|/panfs/accrepfs.vampire/data/neurogroup/mingyangjiang/EEGxPlore/LaBraM/checkpoints/physio_mi_frozen_channel_patch_lowrank_locked_lr5e4_s42_b64_e40,manuscript_final_v2 method_summary,canonical registry group
LaBraM,PhysioNet-MI,frozen_native_generic,generic,registry_aggregate,3,"42,1024,3407",True,True,True,supporting_or_boundary,0.2698991211932244,0.0013837926360325,0.02664511,0.00185229,0.25776509,0.00085262,0.2579724955496814,0.0008587132994566,27069.0,20.0,/panfs/accrepfs.vampire/data/neurogroup/mingyangjiang/EEGxPlore/LaBraM/checkpoints/physio_mi_generic_locked_lr5e4_s1024_b64_e40|/panfs/accrepfs.vampire/data/neurogroup/mingyangjiang/EEGxPlore/LaBraM/checkpoints/physio_mi_generic_locked_lr5e4_s3407_b64_e40|/panfs/accrepfs.vampire/data/neurogroup/mingyangjiang/EEGxPlore/LaBraM/checkpoints/physio_mi_generic_locked_lr5e4_s42_b64_e40,manuscript_final_v2 method_summary,canonical registry group
LaBraM,PhysioNet-MI,frozen_probe,none,registry_aggregate,3,"42,1024,3407",True,True,True,supporting_or_boundary,0.2693828552268834,0.000533368468907,0.0259033,0.00072232,0.26164998,0.00495882,0.261768035182977,0.00492145360836,804.0,21.0,/panfs/accrepfs.vampire/data/neurogroup/mingyangjiang/EEGxPlore/LaBraM/checkpoints/physio_mi_frozen_dense_locked_lr5e4_s1024_b64_e40|/panfs/accrepfs.vampire/data/neurogroup/mingyangjiang/EEGxPlore/LaBraM/checkpoints/physio_mi_frozen_dense_locked_lr5e4_s3407_b64_e40|/panfs/accrepfs.vampire/data/neurogroup/mingyangjiang/EEGxPlore/LaBraM/checkpoints/physio_mi_frozen_dense_locked_lr5e4_s42_b64_e40,manuscript_final_v2 method_summary,canonical registry group
LaBraM,PhysioNet-MI,lora,qkv,registry_aggregate,3,"42,1024,3407",True,True,True,supporting_or_boundary,0.5435281707250879,0.0251012337457009,0.39132022,0.03346812,0.54376819,0.02671428,0.5437051645101826,0.0267208972146947,77604.0,29.33333333333333,/panfs/accrepfs.vampire/data/neurogroup/mingyangjiang/EEGxPlore/LaBraM/checkpoints/physio_mi_lora_locked_lr5e4_s1024_b64_e40|/panfs/accrepfs.vampire/data/neurogroup/mingyangjiang/EEGxPlore/LaBraM/checkpoints/physio_mi_lora_locked_lr5e4_s3407_b64_e40|/panfs/accrepfs.vampire/data/neurogroup/mingyangjiang/EEGxPlore/LaBraM/checkpoints/physio_mi_lora_locked_lr5e4_s42_b64_e40,manuscript_final_v2 method_summary,canonical registry group
LaBraM,PhysioNet-MI,native_channel,channel,registry_aggregate,3,"42,1024,3407",True,True,True,supporting_or_boundary,0.6153335638828356,0.0122843532780626,0.4868758480456951,0.0164762922157768,,,0.6158716113371522,0.0124044781714965,5863645.0,13.0,/panfs/accrepfs.vampire/data/neurogroup/mingyangjiang/EEGxPlore/LaBraM/checkpoints/physio_mi_full_channel_lowrank_locked_lr5e4_s1024_b64_e40|/panfs/accrepfs.vampire/data/neurogroup/mingyangjiang/EEGxPlore/LaBraM/checkpoints/physio_mi_full_channel_lowrank_locked_lr5e4_s3407_b64_e40|/panfs/accrepfs.vampire/data/neurogroup/mingyangjiang/EEGxPlore/LaBraM/checkpoints/physio_mi_full_channel_lowrank_locked_lr5e4_s42_b64_e40,registry aggregate,canonical registry group
LaBraM,PhysioNet-MI,native_channel_patch,channel_patch,registry_aggregate,3,"42,1024,3407",True,True,True,supporting_or_boundary,0.6252617228681755,0.0081737730942384,0.50015663,0.01087528,0.62676183,0.00935438,0.6266840998928171,0.0093196839851595,5906550.0,11.666666666666666,/panfs/accrepfs.vampire/data/neurogroup/mingyangjiang/EEGxPlore/LaBraM/checkpoints/physio_mi_full_channel_patch_lowrank_locked_lr5e4_s1024_b64_e40|/panfs/accrepfs.vampire/data/neurogroup/mingyangjiang/EEGxPlore/LaBraM/checkpoints/physio_mi_full_channel_patch_lowrank_locked_lr5e4_s3407_b64_e40|/panfs/accrepfs.vampire/data/neurogroup/mingyangjiang/EEGxPlore/LaBraM/checkpoints/physio_mi_full_channel_patch_lowrank_locked_lr5e4_s42_b64_e40,manuscript_final_v2 method_summary,canonical registry group
LaBraM,PhysioNet-MI,native_patch,patch,registry_aggregate,3,"42,1024,3407",True,True,True,supporting_or_boundary,0.6255745237600068,0.0100086142716205,0.500627483672168,0.0134167639043072,,,0.6268976431858022,0.0115096873383001,5863645.0,9.666666666666666,/panfs/accrepfs.vampire/data/neurogroup/mingyangjiang/EEGxPlore/LaBraM/checkpoints/physio_mi_full_patch_lowrank_locked_lr5e4_s1024_b64_e40_retry_geomfix|/panfs/accrepfs.vampire/data/neurogroup/mingyangjiang/EEGxPlore/LaBraM/checkpoints/physio_mi_full_patch_lowrank_locked_lr5e4_s3407_b64_e40_retry_geomfix|/panfs/accrepfs.vampire/data/neurogroup/mingyangjiang/EEGxPlore/LaBraM/checkpoints/physio_mi_full_patch_lowrank_locked_lr5e4_s42_b64_e40_retry_geomfix,registry aggregate,canonical registry group
LaBraM,PhysioNet-MI,upper2,upper,registry_aggregate,3,"42,1024,3407",True,True,True,supporting_or_boundary,0.5155599567013308,0.0201876229258589,0.35395166,0.02694526,0.51453223,0.02095167,0.5144516833319278,0.0209623769641687,966164.0,18.0,/panfs/accrepfs.vampire/data/neurogroup/mingyangjiang/EEGxPlore/LaBraM/checkpoints/physio_mi_upper2_locked_lr5e4_s1024_b64_e40|/panfs/accrepfs.vampire/data/neurogroup/mingyangjiang/EEGxPlore/LaBraM/checkpoints/physio_mi_upper2_locked_lr5e4_s3407_b64_e40|/panfs/accrepfs.vampire/data/neurogroup/mingyangjiang/EEGxPlore/LaBraM/checkpoints/physio_mi_upper2_locked_lr5e4_s42_b64_e40,manuscript_final_v2 method_summary,canonical registry group
LaBraM,SEED-V,dense,none,registry_aggregate,3,"42,1024,3407",True,True,False,supporting_or_boundary,0.4067304021134305,0.0048893815967656,0.2585994156315577,0.0082213562508268,,,0.4104588528489061,0.0064495258702725,5820941.0,23.33333333333333,/panfs/accrepfs.vampire/data/neurogroup/mingyangjiang/EEGxPlore/LaBraM/checkpoints/seedv_dense_bls01_matched_s1024_b16_lr3e-4_e40_test|/panfs/accrepfs.vampire/data/neurogroup/mingyangjiang/EEGxPlore/LaBraM/checkpoints/seedv_dense_bls01_matched_s3407_b16_lr3e-4_e40_test|/panfs/accrepfs.vampire/data/neurogroup/mingyangjiang/EEGxPlore/LaBraM/checkpoints/seedv_dense_matched_s42_b16_lr3e-4_e40_test_r4,registry aggregate,incomplete or legacy/non-homogeneous group
LaBraM,SEED-V,frozen_native_generic,generic,registry_aggregate,3,"42,1024,3407",True,True,True,supporting_or_boundary,0.2953789738407042,0.000906727988123,0.1156536739452124,0.0011206011973067,,,0.2807447271280004,0.0014816999670611,27270.0,28.0,/panfs/accrepfs.vampire/data/neurogroup/mingyangjiang/EEGxPlore/LaBraM/checkpoints/seedv_final_generic_frozen_s1024_b16_lr3e-4_e40_test_r3|/panfs/accrepfs.vampire/data/neurogroup/mingyangjiang/EEGxPlore/LaBraM/checkpoints/seedv_final_generic_frozen_s3407_b16_lr3e-4_e40_test_r3|/panfs/accrepfs.vampire/data/neurogroup/mingyangjiang/EEGxPlore/LaBraM/checkpoints/seedv_final_generic_frozen_s42_b16_lr3e-4_e40_test_r3,registry aggregate,canonical registry group
LaBraM,SEED-V,lora,qkv,registry_aggregate,3,"42,1024,3407",True,True,True,supporting_or_boundary,0.2856477961318676,0.0036583789732363,0.10796143,0.00526319,0.27004724,0.00682027,0.2786963026706512,0.0071179308633023,77805.0,31.33333333333333,/panfs/accrepfs.vampire/data/neurogroup/mingyangjiang/EEGxPlore/LaBraM/checkpoints/seedv_final_lora_qkv_r8_s1024_b16_lr3e-4_e40_test_r3|/panfs/accrepfs.vampire/data/neurogroup/mingyangjiang/EEGxPlore/LaBraM/checkpoints/seedv_final_lora_qkv_r8_s3407_b16_lr3e-4_e40_test_r3|/panfs/accrepfs.vampire/data/neurogroup/mingyangjiang/EEGxPlore/LaBraM/checkpoints/seedv_final_lora_qkv_r8_s42_b16_lr3e-4_e40_test_r3,manuscript_final_v2 method_summary,canonical registry group
LaBraM,SEED-V,upper2,upper,registry_aggregate,3,"42,1024,3407",True,True,True,supporting_or_boundary,0.3858627514482355,0.004126757070231,0.23444363,0.00542549,0.38609477,0.00528056,0.3937370586699135,0.0052595152287036,966365.0,31.0,/panfs/accrepfs.vampire/data/neurogroup/mingyangjiang/EEGxPlore/LaBraM/checkpoints/seedv_final_upper2_s1024_b16_lr3e-4_e40_test|/panfs/accrepfs.vampire/data/neurogroup/mingyangjiang/EEGxPlore/LaBraM/checkpoints/seedv_final_upper2_s3407_b16_lr3e-4_e40_test_r3|/panfs/accrepfs.vampire/data/neurogroup/mingyangjiang/EEGxPlore/LaBraM/checkpoints/seedv_final_upper2_s42_b16_lr3e-4_e40_test,manuscript_final_v2 method_summary,canonical registry group
LaBraM,TUEV,axis_blind,generic_token_control,registry_aggregate,3,"42,1024,3407",True,True,True,primary_RQ2_candidate,0.4307415889769473,0.0009546153060217,0.52690104,0.00149499,0.43290874,0.00096285,0.7522697471800219,0.0008424657853742,87220.0,5.0,/panfs/accrepfs.vampire/data/neurogroup/mingyangjiang/EEGxPlore/LaBraM/checkpoints/tuev_labram_axis_blind_b213_s1024_b64_lr5e-4_e15_scale100|/panfs/accrepfs.vampire/data/neurogroup/mingyangjiang/EEGxPlore/LaBraM/checkpoints/tuev_labram_axis_blind_b213_s3407_b64_lr5e-4_e15_scale100|/panfs/accrepfs.vampire/data/neurogroup/mingyangjiang/EEGxPlore/LaBraM/checkpoints/tuev_labram_axis_blind_b213_s42_b64_lr5e-4_e15_scale100,manuscript_final_v2 method_summary,canonical registry group
LaBraM,TUEV,dense,none,registry_aggregate,3,"42,1024,3407",True,True,False,supporting_or_boundary,0.5865166030701923,0.0120058598131073,0.6125520808678814,0.0146731850095379,,,0.7966837549276519,0.0080973653489801,5821142.0,1.6666666666666667,/panfs/accrepfs.vampire/data/neurogroup/mingyangjiang/EEGxPlore/LaBraM/checkpoints/tuev_labram_dense_reg_wd10dp20sm20_s42_b64_e25_scale100|/panfs/accrepfs.vampire/data/neurogroup/mingyangjiang/EEGxPlore/LaBraM/checkpoints/tuev_labram_full_dense_lr5e-4_s1024_b64_e15_scale100|/panfs/accrepfs.vampire/data/neurogroup/mingyangjiang/EEGxPlore/LaBraM/checkpoints/tuev_labram_full_dense_lr5e-4_s3407_b64_e15_scale100,registry aggregate,incomplete or legacy/non-homogeneous group
LaBraM,TUEV,frozen_native_channel,channel,registry_aggregate,3,"42,1024,3407",True,True,True,supporting_or_boundary,0.43230774655326,0.0185675204290045,0.4601909596030659,0.0309182296846464,,,0.712795795819605,0.0207385099794417,44111.0,6.666666666666667,/panfs/accrepfs.vampire/data/neurogroup/mingyangjiang/EEGxPlore/LaBraM/checkpoints/tuev_labram_frozen_channel_lr5e-4_s1024_b64_e15_scale100|/panfs/accrepfs.vampire/data/neurogroup/mingyangjiang/EEGxPlore/LaBraM/checkpoints/tuev_labram_frozen_channel_lr5e-4_s3407_b64_e15_scale100|/panfs/accrepfs.vampire/data/neurogroup/mingyangjiang/EEGxPlore/LaBraM/checkpoints/tuev_labram_frozen_channel_lr5e-4_s42_b64_e15_scale100,registry aggregate,canonical registry group
LaBraM,TUEV,frozen_native_channel_patch,channel_patch,registry_aggregate,3,"42,1024,3407",True,True,True,primary_RQ2_candidate,0.3916091186724216,0.0182437233670641,0.46124602,0.04709692,0.36762519,0.02596278,0.713140434176896,0.0258492087319802,87016.0,6.333333333333333,/panfs/accrepfs.vampire/data/neurogroup/mingyangjiang/EEGxPlore/LaBraM/checkpoints/tuev_labram_frozen_channel_patch_lr5e-4_s1024_b64_e15_scale100|/panfs/accrepfs.vampire/data/neurogroup/mingyangjiang/EEGxPlore/LaBraM/checkpoints/tuev_labram_frozen_channel_patch_lr5e-4_s3407_b64_e15_scale100|/panfs/accrepfs.vampire/data/neurogroup/mingyangjiang/EEGxPlore/LaBraM/checkpoints/tuev_labram_frozen_channel_patch_lr5e-4_s42_b64_e15_scale100,manuscript_final_v2 method_summary,canonical registry group
LaBraM,TUEV,frozen_native_generic,generic,registry_aggregate,3,"42,1024,3407",True,True,True,supporting_or_boundary,0.4366545837589535,0.0125912616533213,0.51517335,0.01352567,0.43242354,0.01190013,0.7457375431003384,0.0067594092110665,27471.0,7.0,/panfs/accrepfs.vampire/data/neurogroup/mingyangjiang/EEGxPlore/LaBraM/checkpoints/tuev_labram_generic_lr5e-4_s1024_b64_e15_scale100|/panfs/accrepfs.vampire/data/neurogroup/mingyangjiang/EEGxPlore/LaBraM/checkpoints/tuev_labram_generic_lr5e-4_s3407_b64_e15_scale100|/panfs/accrepfs.vampire/data/neurogroup/mingyangjiang/EEGxPlore/LaBraM/checkpoints/tuev_labram_generic_lr5e-4_s42_b64_e15_scale100,manuscript_final_v2 method_summary,canonical registry group
LaBraM,TUEV,frozen_native_patch,patch,registry_aggregate,3,"42,1024,3407",True,True,True,supporting_or_boundary,0.3987571077402906,0.0182464133281625,0.4906758986241928,0.0090234806504184,,,0.7322332337941673,0.0052837910256194,44111.0,5.333333333333333,/panfs/accrepfs.vampire/data/neurogroup/mingyangjiang/EEGxPlore/LaBraM/checkpoints/tuev_labram_frozen_patch_lr5e-4_s1024_b64_e15_scale100|/panfs/accrepfs.vampire/data/neurogroup/mingyangjiang/EEGxPlore/LaBraM/checkpoints/tuev_labram_frozen_patch_lr5e-4_s3407_b64_e15_scale100|/panfs/accrepfs.vampire/data/neurogroup/mingyangjiang/EEGxPlore/LaBraM/checkpoints/tuev_labram_frozen_patch_lr5e-4_s42_b64_e15_scale100,registry aggregate,canonical registry group
LaBraM,TUEV,frozen_probe,none,registry_aggregate,3,"42,1024,3407",True,True,True,supporting_or_boundary,0.3657863675540372,0.0,0.44681522,0.0,0.34832983,0.0,0.7084236754238097,0.0,1206.0,8.0,/panfs/accrepfs.vampire/data/neurogroup/mingyangjiang/EEGxPlore/LaBraM/checkpoints/tuev_labram_frozen_dense_lr5e-4_s1024_b64_e15_scale100|/panfs/accrepfs.vampire/data/neurogroup/mingyangjiang/EEGxPlore/LaBraM/checkpoints/tuev_labram_frozen_dense_lr5e-4_s3407_b64_e15_scale100|/panfs/accrepfs.vampire/data/neurogroup/mingyangjiang/EEGxPlore/LaBraM/checkpoints/tuev_labram_frozen_dense_lr5e-4_s42_b64_e15_scale100,manuscript_final_v2 method_summary,canonical registry group
LaBraM,TUEV,lora,qkv,registry_aggregate,3,"42,1024,3407",True,True,True,supporting_or_boundary,0.5716697482007698,0.0229499723859461,0.58128962,0.01833078,0.54042686,0.00423843,0.7827892641771527,0.0072872225941844,78006.0,6.333333333333333,/panfs/accrepfs.vampire/data/neurogroup/mingyangjiang/EEGxPlore/LaBraM/checkpoints/tuev_labram_lora_lr5e-4_s1024_b64_e15_scale100|/panfs/accrepfs.vampire/data/neurogroup/mingyangjiang/EEGxPlore/LaBraM/checkpoints/tuev_labram_lora_lr5e-4_s3407_b64_e15_scale100|/panfs/accrepfs.vampire/data/neurogroup/mingyangjiang/EEGxPlore/LaBraM/checkpoints/tuev_labram_lora_lr5e-4_s42_b64_e15_scale100,manuscript_final_v2 method_summary,canonical registry group
LaBraM,TUEV,native_channel,channel,registry_aggregate,3,"42,1024,3407",True,True,False,supporting_or_boundary,0.5960765441238928,0.0083481095258008,0.5768809864017418,0.0079940143717577,,,0.7804531256732469,0.0057017729042727,5864047.0,3.6666666666666665,/panfs/accrepfs.vampire/data/neurogroup/mingyangjiang/EEGxPlore/LaBraM/checkpoints/tuev_labram_native_channel_lr5e-4_s1024_b64_e15_scale100|/panfs/accrepfs.vampire/data/neurogroup/mingyangjiang/EEGxPlore/LaBraM/checkpoints/tuev_labram_native_channel_lr5e-4_s3407_b64_e15_scale100|/panfs/accrepfs.vampire/data/neurogroup/mingyangjiang/EEGxPlore/LaBraM/checkpoints/tuev_labram_native_channel_zeroout_lr5e-4_s42_b64_e15_scale100,registry aggregate,incomplete or legacy/non-homogeneous group
LaBraM,TUEV,native_channel_patch,channel_patch,registry_aggregate,3,"42,1024,3407",True,True,False,supporting_or_boundary,0.5836555927861788,0.0222986369732184,0.5309762454480661,0.028879599645435,,,0.7494990884751305,0.0160554532220603,5906952.0,2.333333333333333,/panfs/accrepfs.vampire/data/neurogroup/mingyangjiang/EEGxPlore/LaBraM/checkpoints/tuev_labram_native_channel_patch_lr5e-4_s1024_b64_e15_scale100|/panfs/accrepfs.vampire/data/neurogroup/mingyangjiang/EEGxPlore/LaBraM/checkpoints/tuev_labram_native_channel_patch_lr5e-4_s3407_b64_e15_scale100|/panfs/accrepfs.vampire/data/neurogroup/mingyangjiang/EEGxPlore/LaBraM/checkpoints/tuev_labram_native_channel_patch_zeroout_lr5e-4_s42_b64_e15_scale100,registry aggregate,incomplete or legacy/non-homogeneous group
LaBraM,TUEV,native_patch,patch,registry_aggregate,3,"42,1024,3407",True,True,False,supporting_or_boundary,0.5794860026740587,0.0636854958691725,0.5793864020809747,0.0455089921478644,,,0.7827281332875016,0.0229744306181834,5864047.0,5.666666666666667,/panfs/accrepfs.vampire/data/neurogroup/mingyangjiang/EEGxPlore/LaBraM/checkpoints/tuev_labram_native_patch_lr5e-4_s1024_b64_e15_scale100|/panfs/accrepfs.vampire/data/neurogroup/mingyangjiang/EEGxPlore/LaBraM/checkpoints/tuev_labram_native_patch_lr5e-4_s3407_b64_e15_scale100|/panfs/accrepfs.vampire/data/neurogroup/mingyangjiang/EEGxPlore/LaBraM/checkpoints/tuev_labram_native_patch_zeroout_lr5e-4_s42_b64_e15_scale100,registry aggregate,incomplete or legacy/non-homogeneous group
LaBraM,TUEV,upper2,upper,registry_aggregate,3,"42,1024,3407",True,True,True,supporting_or_boundary,0.5412442093173602,0.0203594108738539,0.56378294,0.04229921,0.5251889,0.01658031,0.7728780961150581,0.0197527077155193,966566.0,2.0,/panfs/accrepfs.vampire/data/neurogroup/mingyangjiang/EEGxPlore/LaBraM/checkpoints/tuev_labram_upper2_lr5e-4_s1024_b64_e15_scale100|/panfs/accrepfs.vampire/data/neurogroup/mingyangjiang/EEGxPlore/LaBraM/checkpoints/tuev_labram_upper2_lr5e-4_s3407_b64_e15_scale100|/panfs/accrepfs.vampire/data/neurogroup/mingyangjiang/EEGxPlore/LaBraM/checkpoints/tuev_labram_upper2_lr5e-4_s42_b64_e15_scale100,manuscript_final_v2 method_summary,canonical registry group
