backbone,dataset,method,variant,seed,run_id,source_artifact,commit,evidence_tier,manuscript_role,paired_control_run_id,paired_variant,pair_valid,parameter_match_pct,trainability_regime,trainable_parameters,selector_metric,selected_epoch,balanced_accuracy,macro_f1,kappa,weighted_f1,audit_status,audit_notes,selection_rule
CBraMod,faced,full_finetune,none,1024,faced_cbramod_original_s1024_lr1e-4_b64_e50,/panfs/accrepfs.vampire/data/neurogroup/mingyangjiang/EEGxPlore/CBraMod/results/faced/faced_cbramod_original_s1024_lr1e-4_b64_e50,,PRIMARY_CANDIDATE,RQ3,,,,,trainable,133287809,validation_kappa,18,0.5619967793880838,0.5675525451894428,0.505205399428345,0.5641155910561543,UNREVIEWED,,complete_three_seed:full_finetune:none
CBraMod,faced,full_finetune,none,3407,faced_cbramod_original_s3407_lr1e-4_b64_e50,/panfs/accrepfs.vampire/data/neurogroup/mingyangjiang/EEGxPlore/CBraMod/results/faced/faced_cbramod_original_s3407_lr1e-4_b64_e50,,PRIMARY_CANDIDATE,RQ3,,,,,trainable,133287809,validation_kappa,27,0.5701825013419217,0.5772939497719034,0.5139172891541126,0.5732697153020277,UNREVIEWED,,complete_three_seed:full_finetune:none
CBraMod,faced,full_finetune,none,42,faced_cbramod_original_s42_lr1e-4_b64_e50_r3,/panfs/accrepfs.vampire/data/neurogroup/mingyangjiang/EEGxPlore/CBraMod/results/faced/faced_cbramod_original_s42_lr1e-4_b64_e50_r3,,PRIMARY_CANDIDATE,RQ3,,,,,trainable,133287809,validation_kappa,25,0.5831991411701556,0.5909614301650772,0.5271355002814669,0.5864019244151826,UNREVIEWED,,complete_three_seed:full_finetune:none
CBraMod,faced,axis_blind,generic_token_control,1024,faced_evalmode_frozen_axis_blind_s1024_20260804,/panfs/accrepfs.vampire/data/neurogroup/mingyangjiang/EEGxPlore/CBraMod/results/faced/faced_evalmode_frozen_axis_blind_s1024_20260804,,PRIMARY_CANDIDATE,RQ2,faced_evalmode_frozen_axis_blind_s1024_20260804,channel_patch,PAIR_ARTIFACT_UNVERIFIED,0.5654806585597758,frozen,128463958,validation_kappa,32,0.3852657004830918,0.38599831322065864,0.3065033537474482,0.3848693007810737,UNREVIEWED,,complete_three_seed:axis_blind:generic_token_control
CBraMod,faced,axis_blind,generic_token_control,3407,faced_evalmode_frozen_axis_blind_s3407_20260804,/panfs/accrepfs.vampire/data/neurogroup/mingyangjiang/EEGxPlore/CBraMod/results/faced/faced_evalmode_frozen_axis_blind_s3407_20260804,,PRIMARY_CANDIDATE,RQ2,faced_evalmode_frozen_axis_blind_s3407_20260804,channel_patch,PAIR_ARTIFACT_UNVERIFIED,0.5654806585597758,frozen,128463958,validation_kappa,34,0.3913043478260869,0.38906197842338075,0.31424045356011343,0.38850024109873615,UNREVIEWED,,complete_three_seed:axis_blind:generic_token_control
CBraMod,faced,axis_blind,generic_token_control,42,faced_evalmode_frozen_axis_blind_s42_20260804,/panfs/accrepfs.vampire/data/neurogroup/mingyangjiang/EEGxPlore/CBraMod/results/faced/faced_evalmode_frozen_axis_blind_s42_20260804,,PRIMARY_CANDIDATE,RQ2,faced_evalmode_frozen_axis_blind_s42_20260804,channel_patch,PAIR_ARTIFACT_UNVERIFIED,0.5654806585597758,frozen,128463958,validation_kappa,27,0.38727858293075684,0.38725319859351187,0.30842600691407396,0.38596753008255563,UNREVIEWED,,complete_three_seed:axis_blind:generic_token_control
CBraMod,faced,interaction_aligned,channel_patch,1024,faced_evalmode_frozen_channel_patch_s1024_lr5e-4_20260804,/panfs/accrepfs.vampire/data/neurogroup/mingyangjiang/EEGxPlore/CBraMod/results/faced/faced_evalmode_frozen_channel_patch_s1024_lr5e-4_20260804,,PRIMARY_CANDIDATE,RQ1;RQ2,faced_evalmode_frozen_axis_blind_s1024_20260804,channel_patch,PAIR_ARTIFACT_UNVERIFIED,0.5654806585597758,frozen,128463619,validation_kappa,44,0.3875469672571122,0.387896632331497,0.3088363954505686,0.3865745094976027,UNREVIEWED,,complete_three_seed:interaction_aligned:channel_patch
CBraMod,faced,interaction_aligned,channel_patch,3407,faced_evalmode_frozen_channel_patch_s3407_lr5e-4_20260804,/panfs/accrepfs.vampire/data/neurogroup/mingyangjiang/EEGxPlore/CBraMod/results/faced/faced_evalmode_frozen_channel_patch_s3407_lr5e-4_20260804,,PRIMARY_CANDIDATE,RQ1;RQ2,faced_evalmode_frozen_axis_blind_s3407_20260804,channel_patch,PAIR_ARTIFACT_UNVERIFIED,0.5654806585597758,frozen,128463619,validation_kappa,18,0.39023081052066555,0.389112028967704,0.31227865505603936,0.3881569328609679,UNREVIEWED,,complete_three_seed:interaction_aligned:channel_patch
CBraMod,faced,interaction_aligned,channel_patch,42,faced_evalmode_frozen_channel_patch_s42_lr5e-4_20260804,/panfs/accrepfs.vampire/data/neurogroup/mingyangjiang/EEGxPlore/CBraMod/results/faced/faced_evalmode_frozen_channel_patch_s42_lr5e-4_20260804,,PRIMARY_CANDIDATE,RQ1;RQ2,faced_evalmode_frozen_axis_blind_s42_20260804,channel_patch,PAIR_ARTIFACT_UNVERIFIED,0.5654806585597758,frozen,128463619,validation_kappa,37,0.3951959205582394,0.39505783033163044,0.31846788646688606,0.3943868787640964,UNREVIEWED,,complete_three_seed:interaction_aligned:channel_patch
CBraMod,faced,generic_bottleneck,none,1024,faced_evalmode_frozen_generic_s1024_20260804,/panfs/accrepfs.vampire/data/neurogroup/mingyangjiang/EEGxPlore/CBraMod/results/faced/faced_evalmode_frozen_generic_s1024_20260804,,PRIMARY_CANDIDATE,CONTEXT,,,,,trainable,128430274,validation_kappa,18,0.38754696725711213,0.3863050278036913,0.31001125797439844,0.38562317376620586,UNREVIEWED,,complete_three_seed:generic_bottleneck:none
CBraMod,faced,generic_bottleneck,none,3407,faced_evalmode_frozen_generic_s3407_20260804,/panfs/accrepfs.vampire/data/neurogroup/mingyangjiang/EEGxPlore/CBraMod/results/faced/faced_evalmode_frozen_generic_s3407_20260804,,PRIMARY_CANDIDATE,CONTEXT,,,,,trainable,128430274,validation_kappa,30,0.3894256575415996,0.38823561659221256,0.3110546272761364,0.3869751008735831,UNREVIEWED,,complete_three_seed:generic_bottleneck:none
CBraMod,faced,generic_bottleneck,none,42,faced_evalmode_frozen_generic_s42_20260804,/panfs/accrepfs.vampire/data/neurogroup/mingyangjiang/EEGxPlore/CBraMod/results/faced/faced_evalmode_frozen_generic_s42_20260804,,PRIMARY_CANDIDATE,CONTEXT,,,,,trainable,128430274,validation_kappa,35,0.3935856146001073,0.39315171255028436,0.31580701608199313,0.39197271782134063,UNREVIEWED,,complete_three_seed:generic_bottleneck:none
CBraMod,faced,lora,none,1024,faced_evalmode_frozen_lora_qkv_r8_s1024_20260804,/panfs/accrepfs.vampire/data/neurogroup/mingyangjiang/EEGxPlore/CBraMod/results/faced/faced_evalmode_frozen_lora_qkv_r8_s1024_20260804,,PRIMARY_CANDIDATE,CONTEXT,,,,,trainable,128480809,validation_kappa,21,0.42243692968330643,0.4235914236304431,0.3471683960495061,0.42122702693475605,UNREVIEWED,,complete_three_seed:lora:none
CBraMod,faced,lora,none,3407,faced_evalmode_frozen_lora_qkv_r8_s3407_20260804,/panfs/accrepfs.vampire/data/neurogroup/mingyangjiang/EEGxPlore/CBraMod/results/faced/faced_evalmode_frozen_lora_qkv_r8_s3407_20260804,,PRIMARY_CANDIDATE,CONTEXT,,,,,trainable,128480809,validation_kappa,11,0.4088835212023618,0.4084876718194134,0.3318340829585207,0.4064505862316601,UNREVIEWED,,complete_three_seed:lora:none
CBraMod,faced,lora,none,42,faced_evalmode_frozen_lora_qkv_r8_s42_20260804,/panfs/accrepfs.vampire/data/neurogroup/mingyangjiang/EEGxPlore/CBraMod/results/faced/faced_evalmode_frozen_lora_qkv_r8_s42_20260804,,PRIMARY_CANDIDATE,CONTEXT,,,,,trainable,128480809,validation_kappa,12,0.42096081588835216,0.4224268573722585,0.34605608567023616,0.4205631201279947,UNREVIEWED,,complete_three_seed:lora:none
CBraMod,faced,frozen_probe,none,1024,faced_evalmode_frozen_probe_s1024_20260804,/panfs/accrepfs.vampire/data/neurogroup/mingyangjiang/EEGxPlore/CBraMod/results/faced/faced_evalmode_frozen_probe_s1024_20260804,,PRIMARY_CANDIDATE,RQ1,,,,,frozen,128404009,validation_kappa,17,0.37909286097691897,0.3795963124311903,0.2997519954984057,0.3784459502731745,UNREVIEWED,,complete_three_seed:frozen_probe:none
CBraMod,faced,frozen_probe,none,3407,faced_evalmode_frozen_probe_s3407_20260804,/panfs/accrepfs.vampire/data/neurogroup/mingyangjiang/EEGxPlore/CBraMod/results/faced/faced_evalmode_frozen_probe_s3407_20260804,,PRIMARY_CANDIDATE,RQ1,,,,,frozen,128404009,validation_kappa,43,0.3789586688137413,0.38084727771879767,0.30011674449633086,0.3799335591536526,UNREVIEWED,,complete_three_seed:frozen_probe:none
CBraMod,faced,frozen_probe,none,42,faced_evalmode_frozen_probe_s42_20260804,/panfs/accrepfs.vampire/data/neurogroup/mingyangjiang/EEGxPlore/CBraMod/results/faced/faced_evalmode_frozen_probe_s42_20260804,,PRIMARY_CANDIDATE,RQ1,,,,,frozen,128404009,validation_kappa,46,0.3750670960815888,0.37618588879858567,0.2979704219770135,0.3768114208915497,UNREVIEWED,,complete_three_seed:frozen_probe:none
CBraMod,faced,upper_k_finetune,none,1024,faced_evalmode_frozen_upper2_s1024_20260804,/panfs/accrepfs.vampire/data/neurogroup/mingyangjiang/EEGxPlore/CBraMod/results/faced/faced_evalmode_frozen_upper2_s1024_20260804,,PRIMARY_CANDIDATE,RQ3,,,,,trainable,129209209,validation_kappa,46,0.4017713365539452,0.4027601491103256,0.3246330887258172,0.40082886558946806,UNREVIEWED,,complete_three_seed:upper_k_finetune:none
CBraMod,faced,upper_k_finetune,none,3407,faced_evalmode_frozen_upper2_s3407_20260804,/panfs/accrepfs.vampire/data/neurogroup/mingyangjiang/EEGxPlore/CBraMod/results/faced/faced_evalmode_frozen_upper2_s3407_20260804,,PRIMARY_CANDIDATE,RQ3,,,,,trainable,129209209,validation_kappa,17,0.39989264626945786,0.3991059502450864,0.32133933033483253,0.39675692821252384,UNREVIEWED,,complete_three_seed:upper_k_finetune:none
CBraMod,faced,upper_k_finetune,none,42,faced_evalmode_frozen_upper2_s42_20260804,/panfs/accrepfs.vampire/data/neurogroup/mingyangjiang/EEGxPlore/CBraMod/results/faced/faced_evalmode_frozen_upper2_s42_20260804,,PRIMARY_CANDIDATE,RQ3,,,,,trainable,129209209,validation_kappa,41,0.4087493290391841,0.4090537794941171,0.3330832708177044,0.40780720379303953,UNREVIEWED,,complete_three_seed:upper_k_finetune:none
CBraMod,faced,native_full_finetune,channel_patch,1024,faced_native_full_channel_patch_s1024_lr1e-4_b64_e50,/panfs/accrepfs.vampire/data/neurogroup/mingyangjiang/EEGxPlore/CBraMod/results/faced/faced_native_full_channel_patch_s1024_lr1e-4_b64_e50,,PRIMARY_CANDIDATE,RQ3,,,,,trainable,133347419,validation_kappa,27,0.5605206655931293,0.5674772928421377,0.5024402452759354,0.5634233985966418,UNREVIEWED,,complete_three_seed:native_full_finetune:channel_patch
CBraMod,faced,native_full_finetune,channel_patch,3407,faced_native_full_channel_patch_s3407_lr1e-4_b64_e50,/panfs/accrepfs.vampire/data/neurogroup/mingyangjiang/EEGxPlore/CBraMod/results/faced/faced_native_full_channel_patch_s3407_lr1e-4_b64_e50,,PRIMARY_CANDIDATE,RQ3,,,,,trainable,133347419,validation_kappa,30,0.5683038110574343,0.5731034658075461,0.5101547187122065,0.568469974021308,UNREVIEWED,,complete_three_seed:native_full_finetune:channel_patch
CBraMod,faced,native_full_finetune,channel_patch,42,faced_native_full_channel_patch_s42_lr1e-4_b64_e50,/panfs/accrepfs.vampire/data/neurogroup/mingyangjiang/EEGxPlore/CBraMod/results/faced/faced_native_full_channel_patch_s42_lr1e-4_b64_e50,,PRIMARY_CANDIDATE,RQ3,,,,,trainable,133347419,validation_kappa,23,0.5672302737520128,0.5733905560015712,0.5090996268423358,0.5690337621975613,UNREVIEWED,,complete_three_seed:native_full_finetune:channel_patch
LaBraM,FACED,frozen_probe,none,1024,faced_reviewer_r2_frozen_dense_seed1024,/panfs/accrepfs.vampire/data/neurogroup/mingyangjiang/EEGxPlore/LaBraM/checkpoints/faced_reviewer_r2_frozen_dense_seed1024,,PRIMARY_CANDIDATE,RQ1,,,,,frozen,1809,validation_kappa,38,0.1379495437466452,,0.03298363407469562,0.11280109814543286,UNREVIEWED,,complete_three_seed:frozen_probe:none
LaBraM,FACED,frozen_probe,none,3407,faced_reviewer_r2_frozen_dense_seed3407,/panfs/accrepfs.vampire/data/neurogroup/mingyangjiang/EEGxPlore/LaBraM/checkpoints/faced_reviewer_r2_frozen_dense_seed3407,,PRIMARY_CANDIDATE,RQ1,,,,,frozen,1809,validation_kappa,14,0.13808373590982287,,0.03389688650820222,0.08290504585186034,UNREVIEWED,,complete_three_seed:frozen_probe:none
LaBraM,FACED,frozen_probe,none,42,faced_reviewer_r2_frozen_dense_seed42,/panfs/accrepfs.vampire/data/neurogroup/mingyangjiang/EEGxPlore/LaBraM/checkpoints/faced_reviewer_r2_frozen_dense_seed42,,PRIMARY_CANDIDATE,RQ1,,,,,frozen,1809,validation_kappa,38,0.1439881910896404,,0.03878759969020151,0.11379690817177396,UNREVIEWED,,complete_three_seed:frozen_probe:none
LaBraM,FACED,frozen_native_generic,generic,1024,faced_reviewer_r2_frozen_generic_seed1024,/panfs/accrepfs.vampire/data/neurogroup/mingyangjiang/EEGxPlore/LaBraM/checkpoints/faced_reviewer_r2_frozen_generic_seed1024,,PRIMARY_CANDIDATE,CONTEXT,,,,,frozen,28074,validation_kappa,62,0.17901234567901234,,0.07853447011751902,0.17218057617635846,UNREVIEWED,,complete_three_seed:frozen_native_generic:generic
LaBraM,FACED,frozen_native_generic,generic,3407,faced_reviewer_r2_frozen_generic_seed3407,/panfs/accrepfs.vampire/data/neurogroup/mingyangjiang/EEGxPlore/LaBraM/checkpoints/faced_reviewer_r2_frozen_generic_seed3407,,PRIMARY_CANDIDATE,CONTEXT,,,,,frozen,28074,validation_kappa,73,0.1802200751476114,,0.08000753406023076,0.175537123733614,UNREVIEWED,,complete_three_seed:frozen_native_generic:generic
LaBraM,FACED,frozen_native_generic,generic,42,faced_reviewer_r2_frozen_generic_seed42,/panfs/accrepfs.vampire/data/neurogroup/mingyangjiang/EEGxPlore/LaBraM/checkpoints/faced_reviewer_r2_frozen_generic_seed42,,PRIMARY_CANDIDATE,CONTEXT,,,,,frozen,28074,validation_kappa,73,0.17525496511003757,,0.07405081836828664,0.17003171692657595,UNREVIEWED,,complete_three_seed:frozen_native_generic:generic
LaBraM,FACED,frozen_native_patch,patch,1024,faced_reviewer_r2_frozen_patch_seed1024,/panfs/accrepfs.vampire/data/neurogroup/mingyangjiang/EEGxPlore/LaBraM/checkpoints/faced_reviewer_r2_frozen_patch_seed1024,,PRIMARY_CANDIDATE,RQ1,,,,,frozen,163010,validation_kappa,42,0.15901771336553944,,0.05539212618138567,0.1565857611009523,UNREVIEWED,,complete_three_seed:frozen_native_patch:patch
LaBraM,FACED,frozen_native_patch,patch,3407,faced_reviewer_r2_frozen_patch_seed3407,/panfs/accrepfs.vampire/data/neurogroup/mingyangjiang/EEGxPlore/LaBraM/checkpoints/faced_reviewer_r2_frozen_patch_seed3407,,PRIMARY_CANDIDATE,RQ1,,,,,frozen,163010,validation_kappa,38,0.1728395061728395,,0.07052245034217985,0.15699171474116658,UNREVIEWED,,complete_three_seed:frozen_native_patch:patch
LaBraM,FACED,frozen_native_patch,patch,42,faced_reviewer_r2_frozen_patch_seed42,/panfs/accrepfs.vampire/data/neurogroup/mingyangjiang/EEGxPlore/LaBraM/checkpoints/faced_reviewer_r2_frozen_patch_seed42,,PRIMARY_CANDIDATE,RQ1,,,,,frozen,163010,validation_kappa,38,0.17028985507246375,,0.06693915001876793,0.15555694587822905,UNREVIEWED,,complete_three_seed:frozen_native_patch:patch
LaBraM,FACED,lora,qkv,1024,faced_reviewer_r2_lora_qkv_r8_seed1024,/panfs/accrepfs.vampire/data/neurogroup/mingyangjiang/EEGxPlore/LaBraM/checkpoints/faced_reviewer_r2_lora_qkv_r8_seed1024,,PRIMARY_CANDIDATE,CONTEXT,,,,,trainable,78609,validation_kappa,45,0.27281266774020396,,0.18078602620087336,0.2702981365613395,UNREVIEWED,,complete_three_seed:lora:qkv
LaBraM,FACED,lora,qkv,3407,faced_reviewer_r2_lora_qkv_r8_seed3407,/panfs/accrepfs.vampire/data/neurogroup/mingyangjiang/EEGxPlore/LaBraM/checkpoints/faced_reviewer_r2_lora_qkv_r8_seed3407,,PRIMARY_CANDIDATE,CONTEXT,,,,,trainable,78609,validation_kappa,63,0.2557702630166398,,0.16233333333333333,0.2543449127780626,UNREVIEWED,,complete_three_seed:lora:qkv
LaBraM,FACED,lora,qkv,42,faced_reviewer_r2_lora_qkv_r8_seed42,/panfs/accrepfs.vampire/data/neurogroup/mingyangjiang/EEGxPlore/LaBraM/checkpoints/faced_reviewer_r2_lora_qkv_r8_seed42,,PRIMARY_CANDIDATE,CONTEXT,,,,,trainable,78609,validation_kappa,79,0.3184380032206119,,0.2321978845673357,0.3157336048813044,UNREVIEWED,,complete_three_seed:lora:qkv
LaBraM,FACED,upper2,upper,1024,faced_reviewer_r2_upper2_seed1024,/panfs/accrepfs.vampire/data/neurogroup/mingyangjiang/EEGxPlore/LaBraM/checkpoints/faced_reviewer_r2_upper2_seed1024,,PRIMARY_CANDIDATE,RQ3,,,,,trainable,967169,validation_kappa,61,0.2966988727858293,,0.2087133991419885,0.2970314602486105,UNREVIEWED,,complete_three_seed:upper2:upper
LaBraM,FACED,upper2,upper,3407,faced_reviewer_r2_upper2_seed3407,/panfs/accrepfs.vampire/data/neurogroup/mingyangjiang/EEGxPlore/LaBraM/checkpoints/faced_reviewer_r2_upper2_seed3407,,PRIMARY_CANDIDATE,RQ3,,,,,trainable,967169,validation_kappa,64,0.298040794417606,,0.20891759558287337,0.29791769205599455,UNREVIEWED,,complete_three_seed:upper2:upper
LaBraM,FACED,upper2,upper,42,faced_reviewer_r2_upper2_seed42,/panfs/accrepfs.vampire/data/neurogroup/mingyangjiang/EEGxPlore/LaBraM/checkpoints/faced_reviewer_r2_upper2_seed42,,PRIMARY_CANDIDATE,RQ3,,,,,trainable,967169,validation_kappa,75,0.29589371980676327,,0.20666666666666655,0.29495016549037856,UNREVIEWED,,complete_three_seed:upper2:upper
CBraMod,isruc,axis_blind,generic_token_control,1024,isruc_cbramod_alpha0_axisblind_s1024,/panfs/accrepfs.vampire/data/neurogroup/mingyangjiang/EEGxPlore/CBraMod/results/isruc/isruc_cbramod_alpha0_axisblind_s1024,,PRIMARY_CANDIDATE,RQ2,isruc_cbramod_alpha0_axisblind_s1024,channel_patch,PAIR_ARTIFACT_UNVERIFIED,0.5654806585597758,frozen,21647410,validation_kappa,13,0.7602972545775273,0.7600400933507746,0.7193175444221973,0.7830423822479932,UNREVIEWED,,complete_three_seed:axis_blind:generic_token_control
CBraMod,isruc,axis_blind,generic_token_control,3407,isruc_cbramod_alpha0_axisblind_s3407,/panfs/accrepfs.vampire/data/neurogroup/mingyangjiang/EEGxPlore/CBraMod/results/isruc/isruc_cbramod_alpha0_axisblind_s3407,,PRIMARY_CANDIDATE,RQ2,isruc_cbramod_alpha0_axisblind_s3407,channel_patch,PAIR_ARTIFACT_UNVERIFIED,0.5654806585597758,frozen,21647410,validation_kappa,20,0.744904249206741,0.7430382233768631,0.6983302246477419,0.7667343927634974,UNREVIEWED,,complete_three_seed:axis_blind:generic_token_control
CBraMod,isruc,axis_blind,generic_token_control,42,isruc_cbramod_alpha0_axisblind_s42,/panfs/accrepfs.vampire/data/neurogroup/mingyangjiang/EEGxPlore/CBraMod/results/isruc/isruc_cbramod_alpha0_axisblind_s42,,PRIMARY_CANDIDATE,RQ2,isruc_cbramod_alpha0_axisblind_s42,channel_patch,PAIR_ARTIFACT_UNVERIFIED,0.5654806585597758,frozen,21647410,validation_kappa,9,0.7367842525476885,0.7262658505298212,0.6902732173732424,0.7541052234089344,UNREVIEWED,,complete_three_seed:axis_blind:generic_token_control
CBraMod,isruc,interaction_aligned,channel_patch,1024,isruc_cbramod_frozen_channel_patch_s1024_r64_lr2e-4_b8_e20,/panfs/accrepfs.vampire/data/neurogroup/mingyangjiang/EEGxPlore/CBraMod/results/isruc/isruc_cbramod_frozen_channel_patch_s1024_r64_lr2e-4_b8_e20,,PRIMARY_CANDIDATE,RQ1;RQ2,isruc_cbramod_alpha0_axisblind_s1024,channel_patch,PAIR_ARTIFACT_UNVERIFIED,0.5654806585597758,frozen,21647071,validation_kappa,15,0.7445908053030473,0.7407857501808257,0.6956630063753526,0.7630493384746424,UNREVIEWED,,complete_three_seed:interaction_aligned:channel_patch
CBraMod,isruc,interaction_aligned,channel_patch,3407,isruc_cbramod_frozen_channel_patch_s3407_r64_lr2e-4_b8_e20,/panfs/accrepfs.vampire/data/neurogroup/mingyangjiang/EEGxPlore/CBraMod/results/isruc/isruc_cbramod_frozen_channel_patch_s3407_r64_lr2e-4_b8_e20,,PRIMARY_CANDIDATE,RQ1;RQ2,isruc_cbramod_alpha0_axisblind_s3407,channel_patch,PAIR_ARTIFACT_UNVERIFIED,0.5654806585597758,frozen,21647071,validation_kappa,16,0.7569716381819159,0.757476801168339,0.7134682345216284,0.7783365086715562,UNREVIEWED,,complete_three_seed:interaction_aligned:channel_patch
CBraMod,isruc,interaction_aligned,channel_patch,42,isruc_cbramod_frozen_channel_patch_s42_lr2e-4_b8_e20,/panfs/accrepfs.vampire/data/neurogroup/mingyangjiang/EEGxPlore/CBraMod/results/isruc/isruc_cbramod_frozen_channel_patch_s42_lr2e-4_b8_e20,,PRIMARY_CANDIDATE,RQ1;RQ2,isruc_cbramod_alpha0_axisblind_s42,channel_patch,PAIR_ARTIFACT_UNVERIFIED,0.5654806585597758,frozen,21647071,validation_kappa,9,0.7541019622189131,0.7471509189075352,0.7119569714407924,0.7732663754247068,UNREVIEWED,,complete_three_seed:interaction_aligned:channel_patch
CBraMod,isruc,frozen_probe,none,1024,isruc_cbramod_frozen_probe_s1024_lr2e-4_b8_e20,/panfs/accrepfs.vampire/data/neurogroup/mingyangjiang/EEGxPlore/CBraMod/results/isruc/isruc_cbramod_frozen_probe_s1024_lr2e-4_b8_e20,,PRIMARY_CANDIDATE,RQ1,,,,,frozen,21587461,validation_kappa,20,0.7543855637013218,0.7509045801707795,0.7069015499765529,0.7720601779743427,UNREVIEWED,,complete_three_seed:frozen_probe:none
CBraMod,isruc,frozen_probe,none,3407,isruc_cbramod_frozen_probe_s3407_lr2e-4_b8_e20,/panfs/accrepfs.vampire/data/neurogroup/mingyangjiang/EEGxPlore/CBraMod/results/isruc/isruc_cbramod_frozen_probe_s3407_lr2e-4_b8_e20,,PRIMARY_CANDIDATE,RQ1,,,,,frozen,21587461,validation_kappa,10,0.7599638783089742,0.7574594748575196,0.7225676263771739,0.7853328223561034,UNREVIEWED,,complete_three_seed:frozen_probe:none
CBraMod,isruc,frozen_probe,none,42,isruc_cbramod_frozen_probe_s42_lr2e-4_b8_e20,/panfs/accrepfs.vampire/data/neurogroup/mingyangjiang/EEGxPlore/CBraMod/results/isruc/isruc_cbramod_frozen_probe_s42_lr2e-4_b8_e20,,PRIMARY_CANDIDATE,RQ1,,,,,frozen,21587461,validation_kappa,16,0.7542625984571867,0.7465727382575784,0.7041219340097529,0.767764261252889,UNREVIEWED,,complete_three_seed:frozen_probe:none
LaBraM,PhysioNet-MI,frozen_native_channel_patch,channel_patch,1024,physio_mi_frozen_channel_patch_lowrank_locked_lr5e4_s1024_b64_e40,/panfs/accrepfs.vampire/data/neurogroup/mingyangjiang/EEGxPlore/LaBraM/checkpoints/physio_mi_frozen_channel_patch_lowrank_locked_lr5e4_s1024_b64_e40,,PRIMARY_CANDIDATE,BOUNDARY;RQ1,,,,,frozen,86614,validation_kappa,23,0.27920721937012916,,0.03904783513665111,0.26154024467936204,UNREVIEWED,,complete_three_seed:frozen_native_channel_patch:channel_patch
LaBraM,PhysioNet-MI,frozen_native_channel_patch,channel_patch,3407,physio_mi_frozen_channel_patch_lowrank_locked_lr5e4_s3407_b64_e40,/panfs/accrepfs.vampire/data/neurogroup/mingyangjiang/EEGxPlore/LaBraM/checkpoints/physio_mi_frozen_channel_patch_lowrank_locked_lr5e4_s3407_b64_e40,,PRIMARY_CANDIDATE,BOUNDARY;RQ1,,,,,frozen,86614,validation_kappa,23,0.2814281606695931,,0.042012783091985195,0.26194032125215694,UNREVIEWED,,complete_three_seed:frozen_native_channel_patch:channel_patch
LaBraM,PhysioNet-MI,frozen_native_channel_patch,channel_patch,42,physio_mi_frozen_channel_patch_lowrank_locked_lr5e4_s42_b64_e40,/panfs/accrepfs.vampire/data/neurogroup/mingyangjiang/EEGxPlore/LaBraM/checkpoints/physio_mi_frozen_channel_patch_lowrank_locked_lr5e4_s42_b64_e40,,PRIMARY_CANDIDATE,BOUNDARY;RQ1,,,,,frozen,86614,validation_kappa,28,0.28914047739135995,,0.052272578992569985,0.2782369231757911,UNREVIEWED,,complete_three_seed:frozen_native_channel_patch:channel_patch
LaBraM,PhysioNet-MI,frozen_probe,none,1024,physio_mi_frozen_dense_locked_lr5e4_s1024_b64_e40,/panfs/accrepfs.vampire/data/neurogroup/mingyangjiang/EEGxPlore/LaBraM/checkpoints/physio_mi_frozen_dense_locked_lr5e4_s1024_b64_e40,,PRIMARY_CANDIDATE,BOUNDARY;RQ1,,,,,frozen,804,validation_kappa,23,0.2699090531941725,,0.02662003135822455,0.256095490387544,UNREVIEWED,,complete_three_seed:frozen_probe:none
LaBraM,PhysioNet-MI,frozen_probe,none,3407,physio_mi_frozen_dense_locked_lr5e4_s3407_b64_e40,/panfs/accrepfs.vampire/data/neurogroup/mingyangjiang/EEGxPlore/LaBraM/checkpoints/physio_mi_frozen_dense_locked_lr5e4_s3407_b64_e40,,PRIMARY_CANDIDATE,BOUNDARY;RQ1,,,,,frozen,804,validation_kappa,20,0.2693969181057666,,0.02591434711819185,0.2648999125148436,UNREVIEWED,,complete_three_seed:frozen_probe:none
LaBraM,PhysioNet-MI,frozen_probe,none,42,physio_mi_frozen_dense_locked_lr5e4_s42_b64_e40,/panfs/accrepfs.vampire/data/neurogroup/mingyangjiang/EEGxPlore/LaBraM/checkpoints/physio_mi_frozen_dense_locked_lr5e4_s42_b64_e40,,PRIMARY_CANDIDATE,BOUNDARY;RQ1,,,,,frozen,804,validation_kappa,20,0.2688425943807112,,0.025175522259483718,0.2643087026465435,UNREVIEWED,,complete_three_seed:frozen_probe:none
LaBraM,PhysioNet-MI,native_channel_patch,channel_patch,1024,physio_mi_full_channel_patch_lowrank_locked_lr5e4_s1024_b64_e40,/panfs/accrepfs.vampire/data/neurogroup/mingyangjiang/EEGxPlore/LaBraM/checkpoints/physio_mi_full_channel_patch_lowrank_locked_lr5e4_s1024_b64_e40,,PRIMARY_CANDIDATE,RQ3,,,,,trainable,5906550,validation_kappa,9,0.6302398003829567,,0.5067903421869848,0.6330909482318485,UNREVIEWED,,complete_three_seed:native_channel_patch:channel_patch
LaBraM,PhysioNet-MI,native_channel_patch,channel_patch,3407,physio_mi_full_channel_patch_lowrank_locked_lr5e4_s3407_b64_e40,/panfs/accrepfs.vampire/data/neurogroup/mingyangjiang/EEGxPlore/LaBraM/checkpoints/physio_mi_full_channel_patch_lowrank_locked_lr5e4_s3407_b64_e40,,PRIMARY_CANDIDATE,RQ3,,,,,trainable,5906550,validation_kappa,15,0.6158282889039495,,0.48760575613560897,0.6159926365705106,UNREVIEWED,,complete_three_seed:native_channel_patch:channel_patch
LaBraM,PhysioNet-MI,native_channel_patch,channel_patch,42,physio_mi_full_channel_patch_lowrank_locked_lr5e4_s42_b64_e40,/panfs/accrepfs.vampire/data/neurogroup/mingyangjiang/EEGxPlore/LaBraM/checkpoints/physio_mi_full_channel_patch_lowrank_locked_lr5e4_s42_b64_e40,,PRIMARY_CANDIDATE,RQ3,,,,,trainable,5906550,validation_kappa,11,0.6297170793176202,,0.5060737876723087,0.6309687148760922,UNREVIEWED,,complete_three_seed:native_channel_patch:channel_patch
LaBraM,PhysioNet-MI,frozen_native_generic,generic,1024,physio_mi_generic_locked_lr5e4_s1024_b64_e40,/panfs/accrepfs.vampire/data/neurogroup/mingyangjiang/EEGxPlore/LaBraM/checkpoints/physio_mi_generic_locked_lr5e4_s1024_b64_e40,,PRIMARY_CANDIDATE,CONTEXT,,,,,frozen,27069,validation_kappa,20,0.2697106347141692,,0.02640075926648555,0.25764757770551155,UNREVIEWED,,complete_three_seed:frozen_native_generic:generic
LaBraM,PhysioNet-MI,frozen_native_generic,generic,3407,physio_mi_generic_locked_lr5e4_s3407_b64_e40,/panfs/accrepfs.vampire/data/neurogroup/mingyangjiang/EEGxPlore/LaBraM/checkpoints/physio_mi_generic_locked_lr5e4_s3407_b64_e40,,PRIMARY_CANDIDATE,CONTEXT,,,,,frozen,27069,validation_kappa,20,0.26861923318176184,,0.024927126622417473,0.257323653155011,UNREVIEWED,,complete_three_seed:frozen_native_generic:generic
LaBraM,PhysioNet-MI,frozen_native_generic,generic,42,physio_mi_generic_locked_lr5e4_s42_b64_e40,/panfs/accrepfs.vampire/data/neurogroup/mingyangjiang/EEGxPlore/LaBraM/checkpoints/physio_mi_generic_locked_lr5e4_s42_b64_e40,,PRIMARY_CANDIDATE,CONTEXT,,,,,frozen,27069,validation_kappa,20,0.2713674956837422,,0.02860745563193645,0.25894625578852154,UNREVIEWED,,complete_three_seed:frozen_native_generic:generic
LaBraM,PhysioNet-MI,dense,none,1024,physio_mi_labram_dense_locked_lr5e4_s1024_b64_e40_scale100,/panfs/accrepfs.vampire/data/neurogroup/mingyangjiang/EEGxPlore/LaBraM/checkpoints/physio_mi_labram_dense_locked_lr5e4_s1024_b64_e40_scale100,,PRIMARY_CANDIDATE,BOUNDARY;RQ3,,,,,trainable,5820740,validation_kappa,16,0.6223072517575746,,0.4963901982048199,0.6232948413059111,UNREVIEWED,,complete_three_seed:dense:none
LaBraM,PhysioNet-MI,dense,none,3407,physio_mi_labram_dense_locked_lr5e4_s3407_b64_e40_scale100,/panfs/accrepfs.vampire/data/neurogroup/mingyangjiang/EEGxPlore/LaBraM/checkpoints/physio_mi_labram_dense_locked_lr5e4_s3407_b64_e40_scale100,,PRIMARY_CANDIDATE,BOUNDARY;RQ3,,,,,trainable,5820740,validation_kappa,17,0.5933300625025842,,0.4578504673663968,0.5933492955145299,UNREVIEWED,,complete_three_seed:dense:none
LaBraM,PhysioNet-MI,dense,none,42,physio_mi_labram_dense_sweep_lr5e4_s42_b64_e40_scale100,/panfs/accrepfs.vampire/data/neurogroup/mingyangjiang/EEGxPlore/LaBraM/checkpoints/physio_mi_labram_dense_sweep_lr5e4_s42_b64_e40_scale100,,PRIMARY_CANDIDATE,BOUNDARY;RQ3,,,,,trainable,5820740,validation_kappa,21,0.6123109472490749,,0.4830437282960296,0.6142119774327689,UNREVIEWED,,complete_three_seed:dense:none
LaBraM,PhysioNet-MI,lora,qkv,1024,physio_mi_lora_locked_lr5e4_s1024_b64_e40,/panfs/accrepfs.vampire/data/neurogroup/mingyangjiang/EEGxPlore/LaBraM/checkpoints/physio_mi_lora_locked_lr5e4_s1024_b64_e40,,PRIMARY_CANDIDATE,CONTEXT,,,,,trainable,77604,validation_kappa,30,0.531337027959996,,0.3750689623347724,0.5293968411562315,UNREVIEWED,,complete_three_seed:lora:qkv
LaBraM,PhysioNet-MI,lora,qkv,3407,physio_mi_lora_locked_lr5e4_s3407_b64_e40,/panfs/accrepfs.vampire/data/neurogroup/mingyangjiang/EEGxPlore/LaBraM/checkpoints/physio_mi_lora_locked_lr5e4_s3407_b64_e40,,PRIMARY_CANDIDATE,CONTEXT,,,,,trainable,77604,validation_kappa,25,0.5268508642895542,,0.3690807696599345,0.5271852842834744,UNREVIEWED,,complete_three_seed:lora:qkv
LaBraM,PhysioNet-MI,lora,qkv,42,physio_mi_lora_locked_lr5e4_s42_b64_e40,/panfs/accrepfs.vampire/data/neurogroup/mingyangjiang/EEGxPlore/LaBraM/checkpoints/physio_mi_lora_locked_lr5e4_s42_b64_e40,,PRIMARY_CANDIDATE,CONTEXT,,,,,trainable,77604,validation_kappa,33,0.5723966199257133,,0.4298109177001016,0.5745333680908417,UNREVIEWED,,complete_three_seed:lora:qkv
LaBraM,PhysioNet-MI,upper2,upper,1024,physio_mi_upper2_locked_lr5e4_s1024_b64_e40,/panfs/accrepfs.vampire/data/neurogroup/mingyangjiang/EEGxPlore/LaBraM/checkpoints/physio_mi_upper2_locked_lr5e4_s1024_b64_e40,,PRIMARY_CANDIDATE,BOUNDARY;RQ3,,,,,trainable,966164,validation_kappa,29,0.4937348798433915,,0.3248495497257996,0.4928994821391977,UNREVIEWED,,complete_three_seed:upper2:upper
LaBraM,PhysioNet-MI,upper2,upper,3407,physio_mi_upper2_locked_lr5e4_s3407_b64_e40,/panfs/accrepfs.vampire/data/neurogroup/mingyangjiang/EEGxPlore/LaBraM/checkpoints/physio_mi_upper2_locked_lr5e4_s3407_b64_e40,,PRIMARY_CANDIDATE,BOUNDARY;RQ3,,,,,trainable,966164,validation_kappa,14,0.5193809766394943,,0.3589713202180611,0.5156858650542416,UNREVIEWED,,complete_three_seed:upper2:upper
LaBraM,PhysioNet-MI,upper2,upper,42,physio_mi_upper2_locked_lr5e4_s42_b64_e40,/panfs/accrepfs.vampire/data/neurogroup/mingyangjiang/EEGxPlore/LaBraM/checkpoints/physio_mi_upper2_locked_lr5e4_s42_b64_e40,,PRIMARY_CANDIDATE,BOUNDARY;RQ3,,,,,trainable,966164,validation_kappa,11,0.5335640136211067,,0.37803410403486215,0.534769702802344,UNREVIEWED,,complete_three_seed:upper2:upper
CBraMod,physionet_mi,interaction_aligned,channel,42,physionet_mi_cbramod_frozen_channel_r64_s42_lr2e-4_b64_e40,/panfs/accrepfs.vampire/data/neurogroup/mingyangjiang/EEGxPlore/CBraMod/results/physionet_mi/physionet_mi_cbramod_frozen_channel_r64_s42_lr2e-4_b64_e40,,PRIMARY_CANDIDATE,BOUNDARY;RQ1,physionet_mi_cbramod_frozen_axisblind_s42_lr2e-4_b64_e40,channel,PAIR_STRUCTURALLY_INVALID,50.28274032927988,frozen,41151609,validation_kappa,7,0.5392313995057074,0.541705919662576,0.38554458482747767,0.5416744180025194,UNREVIEWED,,complete_three_seed:interaction_aligned:channel
CBraMod,physionet_mi,interaction_aligned,channel,1024,physionet_mi_cbramod_frozen_channel_s1024_r64_lr2e-4_b64_e40,/panfs/accrepfs.vampire/data/neurogroup/mingyangjiang/EEGxPlore/CBraMod/results/physionet_mi/physionet_mi_cbramod_frozen_channel_s1024_r64_lr2e-4_b64_e40,,PRIMARY_CANDIDATE,BOUNDARY;RQ1,physionet_mi_cbramod_frozen_axisblind_s1024_r148_lr2e-4_b64_e40,channel,PAIR_STRUCTURALLY_INVALID,50.28274032927988,frozen,41151609,validation_kappa,2,0.5552695052871399,0.5545717673204273,0.40693927386864703,0.5545100653436812,UNREVIEWED,,complete_three_seed:interaction_aligned:channel
CBraMod,physionet_mi,interaction_aligned,channel,3407,physionet_mi_cbramod_frozen_channel_s3407_r64_lr2e-4_b64_e40,/panfs/accrepfs.vampire/data/neurogroup/mingyangjiang/EEGxPlore/CBraMod/results/physionet_mi/physionet_mi_cbramod_frozen_channel_s3407_r64_lr2e-4_b64_e40,,PRIMARY_CANDIDATE,BOUNDARY;RQ1,physionet_mi_cbramod_frozen_axisblind_s3407_r148_lr2e-4_b64_e40,channel,PAIR_STRUCTURALLY_INVALID,50.28274032927988,frozen,41151609,validation_kappa,11,0.5402712924306594,0.5432412332908125,0.386977160424965,0.5432178800623216,UNREVIEWED,,complete_three_seed:interaction_aligned:channel
CBraMod,physionet_mi,generic_bottleneck,none,42,physionet_mi_cbramod_frozen_generic_r64_s42_lr2e-4_b64_e40,/panfs/accrepfs.vampire/data/neurogroup/mingyangjiang/EEGxPlore/CBraMod/results/physionet_mi/physionet_mi_cbramod_frozen_generic_r64_s42_lr2e-4_b64_e40,,PRIMARY_CANDIDATE,CONTEXT,,,,,trainable,41148069,validation_kappa,4,0.5425707668081,0.5449031234091855,0.38997207973188663,0.5448459749237149,UNREVIEWED,,complete_three_seed:generic_bottleneck:none
CBraMod,physionet_mi,generic_bottleneck,none,1024,physionet_mi_cbramod_frozen_generic_s1024_r64_lr2e-4_b64_e40,/panfs/accrepfs.vampire/data/neurogroup/mingyangjiang/EEGxPlore/CBraMod/results/physionet_mi/physionet_mi_cbramod_frozen_generic_s1024_r64_lr2e-4_b64_e40,,PRIMARY_CANDIDATE,CONTEXT,,,,,trainable,41148069,validation_kappa,2,0.562441614470168,0.5627679789379954,0.41653022251607386,0.5627192578897148,UNREVIEWED,,complete_three_seed:generic_bottleneck:none
CBraMod,physionet_mi,generic_bottleneck,none,3407,physionet_mi_cbramod_frozen_generic_s3407_r64_lr2e-4_b64_e40,/panfs/accrepfs.vampire/data/neurogroup/mingyangjiang/EEGxPlore/CBraMod/results/physionet_mi/physionet_mi_cbramod_frozen_generic_s3407_r64_lr2e-4_b64_e40,,PRIMARY_CANDIDATE,CONTEXT,,,,,trainable,41148069,validation_kappa,8,0.5473733390214944,0.5503297619207032,0.39653585474018915,0.5503428286183412,UNREVIEWED,,complete_three_seed:generic_bottleneck:none
CBraMod,physionet_mi,frozen_probe,none,1024,physionet_mi_cbramod_frozen_probe_s1024_lr2e-4_b64_e40,/panfs/accrepfs.vampire/data/neurogroup/mingyangjiang/EEGxPlore/CBraMod/results/physionet_mi/physionet_mi_cbramod_frozen_probe_s1024_lr2e-4_b64_e40,,PRIMARY_CANDIDATE,BOUNDARY;RQ1,,,,,frozen,41121804,validation_kappa,12,0.5425242785108676,0.5440738589439391,0.38996257280585844,0.5440560821872225,UNREVIEWED,,complete_three_seed:frozen_probe:none
CBraMod,physionet_mi,frozen_probe,none,3407,physionet_mi_cbramod_frozen_probe_s3407_lr2e-4_b64_e40,/panfs/accrepfs.vampire/data/neurogroup/mingyangjiang/EEGxPlore/CBraMod/results/physionet_mi/physionet_mi_cbramod_frozen_probe_s3407_lr2e-4_b64_e40,,PRIMARY_CANDIDATE,BOUNDARY;RQ1,,,,,frozen,41121804,validation_kappa,7,0.5475023720990332,0.5497823368589918,0.39661282484010474,0.5497720365342724,UNREVIEWED,,complete_three_seed:frozen_probe:none
CBraMod,physionet_mi,frozen_probe,none,42,physionet_mi_cbramod_frozen_probe_s42_lr2e-4_b64_e40,/panfs/accrepfs.vampire/data/neurogroup/mingyangjiang/EEGxPlore/CBraMod/results/physionet_mi/physionet_mi_cbramod_frozen_probe_s42_lr2e-4_b64_e40,,PRIMARY_CANDIDATE,BOUNDARY;RQ1,,,,,frozen,41121804,validation_kappa,7,0.5404099732452281,0.542561038807855,0.38705358314524163,0.5424948095549804,UNREVIEWED,,complete_three_seed:frozen_probe:none
CBraMod,physionet_mi,lora,none,1024,physionet_mi_cbramod_lora_qkv_r8_s1024_lr2e-4_b64_e40,/panfs/accrepfs.vampire/data/neurogroup/mingyangjiang/EEGxPlore/CBraMod/results/physionet_mi/physionet_mi_cbramod_lora_qkv_r8_s1024_lr2e-4_b64_e40,,PRIMARY_CANDIDATE,CONTEXT,,,,,trainable,41198604,validation_kappa,16,0.5446692651842091,0.5464679282043813,0.39286829018200453,0.5464545266921237,UNREVIEWED,,complete_three_seed:lora:none
CBraMod,physionet_mi,lora,none,3407,physionet_mi_cbramod_lora_qkv_r8_s3407_lr2e-4_b64_e40,/panfs/accrepfs.vampire/data/neurogroup/mingyangjiang/EEGxPlore/CBraMod/results/physionet_mi/physionet_mi_cbramod_lora_qkv_r8_s3407_lr2e-4_b64_e40,,PRIMARY_CANDIDATE,CONTEXT,,,,,trainable,41198604,validation_kappa,9,0.5502713419589702,0.5528088623564995,0.4002994743818573,0.5527869870397326,UNREVIEWED,,complete_three_seed:lora:none
CBraMod,physionet_mi,lora,none,42,physionet_mi_cbramod_lora_qkv_r8_s42_lr2e-4_b64_e40,/panfs/accrepfs.vampire/data/neurogroup/mingyangjiang/EEGxPlore/CBraMod/results/physionet_mi/physionet_mi_cbramod_lora_qkv_r8_s42_lr2e-4_b64_e40,,PRIMARY_CANDIDATE,CONTEXT,,,,,trainable,41198604,validation_kappa,7,0.5530676793538323,0.5556002063418632,0.40402194084174914,0.5555925729578591,UNREVIEWED,,complete_three_seed:lora:none
CBraMod,physionet_mi,upper_k_finetune,none,1024,physionet_mi_cbramod_upper2_s1024_lr2e-4_b64_e40,/panfs/accrepfs.vampire/data/neurogroup/mingyangjiang/EEGxPlore/CBraMod/results/physionet_mi/physionet_mi_cbramod_upper2_s1024_lr2e-4_b64_e40,,PRIMARY_CANDIDATE,BOUNDARY;RQ3,,,,,trainable,41927004,validation_kappa,2,0.6073146476461674,0.6100689882889578,0.4764028877898957,0.6100326232833504,UNREVIEWED,,complete_three_seed:upper_k_finetune:none
CBraMod,physionet_mi,upper_k_finetune,none,3407,physionet_mi_cbramod_upper2_s3407_lr2e-4_b64_e40,/panfs/accrepfs.vampire/data/neurogroup/mingyangjiang/EEGxPlore/CBraMod/results/physionet_mi/physionet_mi_cbramod_upper2_s3407_lr2e-4_b64_e40,,PRIMARY_CANDIDATE,BOUNDARY;RQ3,,,,,trainable,41927004,validation_kappa,2,0.5924414030391509,0.5917255311482967,0.45648424724869774,0.5916796896741513,UNREVIEWED,,complete_three_seed:upper_k_finetune:none
CBraMod,physionet_mi,upper_k_finetune,none,42,physionet_mi_cbramod_upper2_s42_lr2e-4_b64_e40,/panfs/accrepfs.vampire/data/neurogroup/mingyangjiang/EEGxPlore/CBraMod/results/physionet_mi/physionet_mi_cbramod_upper2_s42_lr2e-4_b64_e40,,PRIMARY_CANDIDATE,BOUNDARY;RQ3,,,,,trainable,41927004,validation_kappa,22,0.5956809083125915,0.5982934210075351,0.4608932509680761,0.598278840454946,UNREVIEWED,,complete_three_seed:upper_k_finetune:none
CBraMod,seedv,full_finetune,none,1024,seedv_dense_full_s1024,/panfs/accrepfs.vampire/data/neurogroup/mingyangjiang/EEGxPlore/CBraMod/results/seedv/seedv_dense_full_s1024,,PRIMARY_CANDIDATE,BOUNDARY;RQ3,,,,,trainable,14965805,validation_kappa,30,0.40081481657183937,0.40128780632006417,0.25889433768476644,0.41190772635308864,UNREVIEWED,,complete_three_seed:full_finetune:none
CBraMod,seedv,full_finetune,none,3407,seedv_dense_full_s3407,/panfs/accrepfs.vampire/data/neurogroup/mingyangjiang/EEGxPlore/CBraMod/results/seedv/seedv_dense_full_s3407,,PRIMARY_CANDIDATE,BOUNDARY;RQ3,,,,,trainable,14965805,validation_kappa,8,0.37974486759455534,0.3748987106346814,0.22847346591378603,0.38409382809430226,UNREVIEWED,,complete_three_seed:full_finetune:none
CBraMod,seedv,full_finetune,none,42,seedv_dense_full_s42,/panfs/accrepfs.vampire/data/neurogroup/mingyangjiang/EEGxPlore/CBraMod/results/seedv/seedv_dense_full_s42,,PRIMARY_CANDIDATE,BOUNDARY;RQ3,,,,,trainable,14965805,validation_kappa,7,0.3822997605071836,0.38217977400782005,0.2350441210048685,0.3931424184699292,UNREVIEWED,,complete_three_seed:full_finetune:none
CBraMod,seedv,interaction_aligned,channel,1024,seedv_evalmode_frozen_channel_s1024_lr1e-5_20260804,/panfs/accrepfs.vampire/data/neurogroup/mingyangjiang/EEGxPlore/CBraMod/results/seedv/seedv_evalmode_frozen_channel_s1024_lr1e-5_20260804,,PRIMARY_CANDIDATE,BOUNDARY;RQ1,seedv_evalmode_frozen_axis_blind_s1024_20260804,channel,PAIR_STRUCTURALLY_INVALID,50.28274032927988,frozen,10111810,validation_kappa,13,0.2911470986043746,0.29075242309834515,0.11102726904709448,0.2947268347376295,UNREVIEWED,,complete_three_seed:interaction_aligned:channel
CBraMod,seedv,interaction_aligned,channel,3407,seedv_evalmode_frozen_channel_s3407_lr1e-5_20260804,/panfs/accrepfs.vampire/data/neurogroup/mingyangjiang/EEGxPlore/CBraMod/results/seedv/seedv_evalmode_frozen_channel_s3407_lr1e-5_20260804,,PRIMARY_CANDIDATE,BOUNDARY;RQ1,seedv_evalmode_frozen_axis_blind_s3407_requeue_20260805,channel,PAIR_STRUCTURALLY_INVALID,50.28274032927988,frozen,10111810,validation_kappa,10,0.296139844846257,0.28097478179789287,0.11836499239636145,0.28848139295612957,UNREVIEWED,,complete_three_seed:interaction_aligned:channel
CBraMod,seedv,interaction_aligned,channel,42,seedv_evalmode_frozen_channel_s42_lr1e-5_20260804,/panfs/accrepfs.vampire/data/neurogroup/mingyangjiang/EEGxPlore/CBraMod/results/seedv/seedv_evalmode_frozen_channel_s42_lr1e-5_20260804,,PRIMARY_CANDIDATE,BOUNDARY;RQ1,seedv_evalmode_frozen_axis_blind_s42_20260804,channel,PAIR_STRUCTURALLY_INVALID,50.28274032927988,frozen,10111810,validation_kappa,5,0.288196999934955,0.28532104252684387,0.108617838060861,0.29184776948437363,UNREVIEWED,,complete_three_seed:interaction_aligned:channel
CBraMod,seedv,frozen_probe,none,1024,seedv_evalmode_frozen_dense_s1024_20260804,/panfs/accrepfs.vampire/data/neurogroup/mingyangjiang/EEGxPlore/CBraMod/results/seedv/seedv_evalmode_frozen_dense_s1024_20260804,,PRIMARY_CANDIDATE,BOUNDARY;RQ1,,,,,frozen,10082005,validation_kappa,13,0.2974509276419053,0.2943688133968042,0.11955363242396444,0.29968074285288016,UNREVIEWED,,complete_three_seed:frozen_probe:none
CBraMod,seedv,frozen_probe,none,3407,seedv_evalmode_frozen_dense_s3407_20260804,/panfs/accrepfs.vampire/data/neurogroup/mingyangjiang/EEGxPlore/CBraMod/results/seedv/seedv_evalmode_frozen_dense_s3407_20260804,,PRIMARY_CANDIDATE,BOUNDARY;RQ1,,,,,frozen,10082005,validation_kappa,10,0.29973132813597125,0.28764286457921145,0.1228544096555827,0.2948582455688621,UNREVIEWED,,complete_three_seed:frozen_probe:none
CBraMod,seedv,frozen_probe,none,42,seedv_evalmode_frozen_dense_s42_20260804,/panfs/accrepfs.vampire/data/neurogroup/mingyangjiang/EEGxPlore/CBraMod/results/seedv/seedv_evalmode_frozen_dense_s42_20260804,,PRIMARY_CANDIDATE,BOUNDARY;RQ1,,,,,frozen,10082005,validation_kappa,18,0.29887356868193465,0.2972422535706719,0.12037805964392967,0.3009894967006879,UNREVIEWED,,complete_three_seed:frozen_probe:none
CBraMod,seedv,generic_bottleneck,none,1024,seedv_evalmode_frozen_generic_s1024_20260804,/panfs/accrepfs.vampire/data/neurogroup/mingyangjiang/EEGxPlore/CBraMod/results/seedv/seedv_evalmode_frozen_generic_s1024_20260804,,PRIMARY_CANDIDATE,CONTEXT,,,,,trainable,10108270,validation_kappa,5,0.294764441240966,0.2948937702590357,0.11541017041287605,0.29902430687271664,UNREVIEWED,,complete_three_seed:generic_bottleneck:none
CBraMod,seedv,generic_bottleneck,none,3407,seedv_evalmode_frozen_generic_s3407_20260804,/panfs/accrepfs.vampire/data/neurogroup/mingyangjiang/EEGxPlore/CBraMod/results/seedv/seedv_evalmode_frozen_generic_s3407_20260804,,PRIMARY_CANDIDATE,CONTEXT,,,,,trainable,10108270,validation_kappa,14,0.293487994219922,0.29012982862273634,0.11169233784283494,0.290626152617409,UNREVIEWED,,complete_three_seed:generic_bottleneck:none
CBraMod,seedv,generic_bottleneck,none,42,seedv_evalmode_frozen_generic_s42_20260804,/panfs/accrepfs.vampire/data/neurogroup/mingyangjiang/EEGxPlore/CBraMod/results/seedv/seedv_evalmode_frozen_generic_s42_20260804,,PRIMARY_CANDIDATE,CONTEXT,,,,,trainable,10108270,validation_kappa,5,0.29327278088386477,0.2892504477598282,0.11305587634891845,0.2935554378212802,UNREVIEWED,,complete_three_seed:generic_bottleneck:none
CBraMod,seedv,lora,none,1024,seedv_evalmode_frozen_lora_qkv_r8_s1024_20260804,/panfs/accrepfs.vampire/data/neurogroup/mingyangjiang/EEGxPlore/CBraMod/results/seedv/seedv_evalmode_frozen_lora_qkv_r8_s1024_20260804,,PRIMARY_CANDIDATE,CONTEXT,,,,,trainable,10158805,validation_kappa,16,0.3867902250139227,0.3862253754203979,0.2350602402969746,0.39334285536144853,UNREVIEWED,,complete_three_seed:lora:none
CBraMod,seedv,lora,none,3407,seedv_evalmode_frozen_lora_qkv_r8_s3407_20260804,/panfs/accrepfs.vampire/data/neurogroup/mingyangjiang/EEGxPlore/CBraMod/results/seedv/seedv_evalmode_frozen_lora_qkv_r8_s3407_20260804,,PRIMARY_CANDIDATE,CONTEXT,,,,,trainable,10158805,validation_kappa,21,0.38314387377183884,0.38374999623511946,0.23386297981557047,0.3927679570764286,UNREVIEWED,,complete_three_seed:lora:none
CBraMod,seedv,lora,none,42,seedv_evalmode_frozen_lora_qkv_r8_s42_20260804,/panfs/accrepfs.vampire/data/neurogroup/mingyangjiang/EEGxPlore/CBraMod/results/seedv/seedv_evalmode_frozen_lora_qkv_r8_s42_20260804,,PRIMARY_CANDIDATE,CONTEXT,,,,,trainable,10158805,validation_kappa,17,0.3815379686624684,0.38342825703241834,0.23047322396546233,0.39145469335203414,UNREVIEWED,,complete_three_seed:lora:none
CBraMod,seedv,upper_k_finetune,none,1024,seedv_evalmode_frozen_upper2_s1024_20260804,/panfs/accrepfs.vampire/data/neurogroup/mingyangjiang/EEGxPlore/CBraMod/results/seedv/seedv_evalmode_frozen_upper2_s1024_20260804,,PRIMARY_CANDIDATE,BOUNDARY;RQ3,,,,,trainable,10887205,validation_kappa,17,0.3892243661120306,0.389832491222247,0.23905169859105813,0.3972784537978518,UNREVIEWED,,complete_three_seed:upper_k_finetune:none
CBraMod,seedv,upper_k_finetune,none,3407,seedv_evalmode_frozen_upper2_s3407_requeue_20260805,/panfs/accrepfs.vampire/data/neurogroup/mingyangjiang/EEGxPlore/CBraMod/results/seedv/seedv_evalmode_frozen_upper2_s3407_requeue_20260805,,PRIMARY_CANDIDATE,BOUNDARY;RQ3,,,,,trainable,10887205,validation_kappa,9,0.38883403702200003,0.3818443075764133,0.23642263336649239,0.38919665572669876,UNREVIEWED,,complete_three_seed:upper_k_finetune:none
CBraMod,seedv,upper_k_finetune,none,42,seedv_evalmode_frozen_upper2_s42_20260804,/panfs/accrepfs.vampire/data/neurogroup/mingyangjiang/EEGxPlore/CBraMod/results/seedv/seedv_evalmode_frozen_upper2_s42_20260804,,PRIMARY_CANDIDATE,BOUNDARY;RQ3,,,,,trainable,10887205,validation_kappa,14,0.3913698888844211,0.3927003265206678,0.242431646016815,0.4009271779362901,UNREVIEWED,,complete_three_seed:upper_k_finetune:none
LaBraM,SEED-V,frozen_native_generic,generic,1024,seedv_final_generic_frozen_s1024_b16_lr3e-4_e40_test_r3,/panfs/accrepfs.vampire/data/neurogroup/mingyangjiang/EEGxPlore/LaBraM/checkpoints/seedv_final_generic_frozen_s1024_b16_lr3e-4_e40_test_r3,,PRIMARY_CANDIDATE,CONTEXT,,,,,frozen,27270,validation_kappa,28,0.2948071243135587,,0.1148411716101041,0.2797795110917704,UNREVIEWED,,complete_three_seed:frozen_native_generic:generic
LaBraM,SEED-V,frozen_native_generic,generic,3407,seedv_final_generic_frozen_s3407_b16_lr3e-4_e40_test_r3,/panfs/accrepfs.vampire/data/neurogroup/mingyangjiang/EEGxPlore/LaBraM/checkpoints/seedv_final_generic_frozen_s3407_b16_lr3e-4_e40_test_r3,,PRIMARY_CANDIDATE,CONTEXT,,,,,frozen,27270,validation_kappa,28,0.29642443578781263,,0.11693206444222493,0.28245073340299764,UNREVIEWED,,complete_three_seed:frozen_native_generic:generic
LaBraM,SEED-V,frozen_native_generic,generic,42,seedv_final_generic_frozen_s42_b16_lr3e-4_e40_test_r3,/panfs/accrepfs.vampire/data/neurogroup/mingyangjiang/EEGxPlore/LaBraM/checkpoints/seedv_final_generic_frozen_s42_b16_lr3e-4_e40_test_r3,,PRIMARY_CANDIDATE,CONTEXT,,,,,frozen,27270,validation_kappa,28,0.29490536142074136,,0.11518778578330846,0.28000393688923325,UNREVIEWED,,complete_three_seed:frozen_native_generic:generic
LaBraM,SEED-V,lora,qkv,1024,seedv_final_lora_qkv_r8_s1024_b16_lr3e-4_e40_test_r3,/panfs/accrepfs.vampire/data/neurogroup/mingyangjiang/EEGxPlore/LaBraM/checkpoints/seedv_final_lora_qkv_r8_s1024_b16_lr3e-4_e40_test_r3,,PRIMARY_CANDIDATE,CONTEXT,,,,,trainable,77805,validation_kappa,33,0.287573850219264,,0.11126640723965231,0.28106262259083997,UNREVIEWED,,complete_three_seed:lora:qkv
LaBraM,SEED-V,lora,qkv,3407,seedv_final_lora_qkv_r8_s3407_b16_lr3e-4_e40_test_r3,/panfs/accrepfs.vampire/data/neurogroup/mingyangjiang/EEGxPlore/LaBraM/checkpoints/seedv_final_lora_qkv_r8_s3407_b16_lr3e-4_e40_test_r3,,PRIMARY_CANDIDATE,CONTEXT,,,,,trainable,77805,validation_kappa,28,0.2814287786933532,,0.10189204009778197,0.2706965939282741,UNREVIEWED,,complete_three_seed:lora:qkv
LaBraM,SEED-V,lora,qkv,42,seedv_final_lora_qkv_r8_s42_b16_lr3e-4_e40_test_r3,/panfs/accrepfs.vampire/data/neurogroup/mingyangjiang/EEGxPlore/LaBraM/checkpoints/seedv_final_lora_qkv_r8_s42_b16_lr3e-4_e40_test_r3,,PRIMARY_CANDIDATE,CONTEXT,,,,,trainable,77805,validation_kappa,33,0.28794075948298564,,0.11072582874879411,0.2843296914928396,UNREVIEWED,,complete_three_seed:lora:qkv
LaBraM,SEED-V,upper2,upper,1024,seedv_final_upper2_s1024_b16_lr3e-4_e40_test,/panfs/accrepfs.vampire/data/neurogroup/mingyangjiang/EEGxPlore/LaBraM/checkpoints/seedv_final_upper2_s1024_b16_lr3e-4_e40_test,,PRIMARY_CANDIDATE,BOUNDARY;RQ3,,,,,trainable,966365,validation_kappa,33,0.3814504473898107,,0.22877175383226178,0.3881916002066703,UNREVIEWED,,complete_three_seed:upper2:upper
LaBraM,SEED-V,upper2,upper,3407,seedv_final_upper2_s3407_b16_lr3e-4_e40_test_r3,/panfs/accrepfs.vampire/data/neurogroup/mingyangjiang/EEGxPlore/LaBraM/checkpoints/seedv_final_upper2_s3407_b16_lr3e-4_e40_test_r3,,PRIMARY_CANDIDATE,BOUNDARY;RQ3,,,,,trainable,966365,validation_kappa,30,0.3896273654079126,,0.2395835478364169,0.39865418018498017,UNREVIEWED,,complete_three_seed:upper2:upper
LaBraM,SEED-V,upper2,upper,42,seedv_final_upper2_s42_b16_lr3e-4_e40_test,/panfs/accrepfs.vampire/data/neurogroup/mingyangjiang/EEGxPlore/LaBraM/checkpoints/seedv_final_upper2_s42_b16_lr3e-4_e40_test,,PRIMARY_CANDIDATE,BOUNDARY;RQ3,,,,,trainable,966365,validation_kappa,30,0.3865104415469833,,0.23497558200146218,0.3943653956180901,UNREVIEWED,,complete_three_seed:upper2:upper
CBraMod,seedv,native_full_finetune,channel,1024,seedv_native_full_channel_s1024,/panfs/accrepfs.vampire/data/neurogroup/mingyangjiang/EEGxPlore/CBraMod/results/seedv/seedv_native_full_channel_s1024,,PRIMARY_CANDIDATE,RQ3,,,,,trainable,14995610,validation_kappa,29,0.4031073473273993,0.4030770964656445,0.26016038755037885,0.4128267744576811,UNREVIEWED,,complete_three_seed:native_full_finetune:channel
CBraMod,seedv,native_full_finetune,channel,3407,seedv_native_full_channel_s3407,/panfs/accrepfs.vampire/data/neurogroup/mingyangjiang/EEGxPlore/CBraMod/results/seedv/seedv_native_full_channel_s3407,,PRIMARY_CANDIDATE,RQ3,,,,,trainable,14995610,validation_kappa,18,0.38519024059184903,0.3833441141950308,0.23778118515098023,0.3937867249915951,UNREVIEWED,,complete_three_seed:native_full_finetune:channel
CBraMod,seedv,native_full_finetune,channel,42,seedv_native_full_channel_s42,/panfs/accrepfs.vampire/data/neurogroup/mingyangjiang/EEGxPlore/CBraMod/results/seedv/seedv_native_full_channel_s42,,PRIMARY_CANDIDATE,RQ3,,,,,trainable,14995610,validation_kappa,4,0.39765357730950784,0.39754644853589305,0.25425479008590235,0.40815404010215556,UNREVIEWED,,complete_three_seed:native_full_finetune:channel
CBraMod,tuev,full_finetune,none,1024,tuev_cbramod_dense_s1024_lr1e-4_b8_e20,/panfs/accrepfs.vampire/data/neurogroup/mingyangjiang/EEGxPlore/CBraMod/results/tuev/tuev_cbramod_dense_s1024_lr1e-4_b8_e20,,PRIMARY_CANDIDATE,RQ3,,,,,trainable,21086206,validation_kappa,12,0.6449209384201723,0.6015572180823171,0.6258049121735196,0.8053685026713142,UNREVIEWED,,complete_three_seed:full_finetune:none
CBraMod,tuev,full_finetune,none,3407,tuev_cbramod_dense_s3407_lr1e-4_b8_e20,/panfs/accrepfs.vampire/data/neurogroup/mingyangjiang/EEGxPlore/CBraMod/results/tuev/tuev_cbramod_dense_s3407_lr1e-4_b8_e20,,PRIMARY_CANDIDATE,RQ3,,,,,trainable,21086206,validation_kappa,5,0.5967228432909115,0.5670986023891754,0.6688489562887722,0.8252821309519703,UNREVIEWED,,complete_three_seed:full_finetune:none
CBraMod,tuev,full_finetune,none,42,tuev_cbramod_dense_s42_lr1e-4_b8_e20,/panfs/accrepfs.vampire/data/neurogroup/mingyangjiang/EEGxPlore/CBraMod/results/tuev/tuev_cbramod_dense_s42_lr1e-4_b8_e20,,PRIMARY_CANDIDATE,RQ3,,,,,trainable,21086206,validation_kappa,5,0.6187851311407706,0.5277150656834997,0.6326770201492334,0.8111272563143976,UNREVIEWED,,complete_three_seed:full_finetune:none
CBraMod,tuev,axis_blind,generic_token_control,1024,tuev_cbramod_frozen_axisblind_s1024_r148_lr1e-4_b8_e20,/panfs/accrepfs.vampire/data/neurogroup/mingyangjiang/EEGxPlore/CBraMod/results/tuev/tuev_cbramod_frozen_axisblind_s1024_r148_lr1e-4_b8_e20,,PRIMARY_CANDIDATE,RQ2,tuev_cbramod_frozen_axisblind_s1024_r148_lr1e-4_b8_e20,channel_patch,PAIR_ARTIFACT_UNVERIFIED,0.5654806585597758,frozen,16262355,validation_kappa,3,0.4631238468124301,0.48207995828534617,0.4634932475667418,0.7250984677993937,UNREVIEWED,,complete_three_seed:axis_blind:generic_token_control
CBraMod,tuev,axis_blind,generic_token_control,3407,tuev_cbramod_frozen_axisblind_s3407_r148_lr1e-4_b8_e20,/panfs/accrepfs.vampire/data/neurogroup/mingyangjiang/EEGxPlore/CBraMod/results/tuev/tuev_cbramod_frozen_axisblind_s3407_r148_lr1e-4_b8_e20,,PRIMARY_CANDIDATE,RQ2,tuev_cbramod_frozen_axisblind_s3407_r148_lr1e-4_b8_e20,channel_patch,PAIR_ARTIFACT_UNVERIFIED,0.5654806585597758,frozen,16262355,validation_kappa,5,0.4624084200865434,0.4749475971827315,0.4646100399866223,0.725217672944055,UNREVIEWED,,complete_three_seed:axis_blind:generic_token_control
CBraMod,tuev,axis_blind,generic_token_control,42,tuev_cbramod_frozen_axisblind_s42_r148_lr1e-4_b8_e20,/panfs/accrepfs.vampire/data/neurogroup/mingyangjiang/EEGxPlore/CBraMod/results/tuev/tuev_cbramod_frozen_axisblind_s42_r148_lr1e-4_b8_e20,,PRIMARY_CANDIDATE,RQ2,tuev_cbramod_frozen_axisblind_s42_r148_lr1e-4_b8_e20,channel_patch,PAIR_ARTIFACT_UNVERIFIED,0.5654806585597758,frozen,16262355,validation_kappa,13,0.4484764421640722,0.4719184890066499,0.44637853176665965,0.7155010797330563,UNREVIEWED,,complete_three_seed:axis_blind:generic_token_control
CBraMod,tuev,interaction_aligned,channel_patch,1024,tuev_cbramod_frozen_channel_patch_s1024_r64_lr1e-4_b8_e20,/panfs/accrepfs.vampire/data/neurogroup/mingyangjiang/EEGxPlore/CBraMod/results/tuev/tuev_cbramod_frozen_channel_patch_s1024_r64_lr1e-4_b8_e20,,PRIMARY_CANDIDATE,RQ1;RQ2,tuev_cbramod_frozen_axisblind_s1024_r148_lr1e-4_b8_e20,channel_patch,PAIR_ARTIFACT_UNVERIFIED,0.5654806585597758,frozen,16262016,validation_kappa,3,0.4804948741238085,0.4964129906723327,0.47188591051178597,0.7290714805482992,UNREVIEWED,,complete_three_seed:interaction_aligned:channel_patch
CBraMod,tuev,interaction_aligned,channel_patch,3407,tuev_cbramod_frozen_channel_patch_s3407_r64_lr1e-4_b8_e20,/panfs/accrepfs.vampire/data/neurogroup/mingyangjiang/EEGxPlore/CBraMod/results/tuev/tuev_cbramod_frozen_channel_patch_s3407_r64_lr1e-4_b8_e20,,PRIMARY_CANDIDATE,RQ1;RQ2,tuev_cbramod_frozen_axisblind_s3407_r148_lr1e-4_b8_e20,channel_patch,PAIR_ARTIFACT_UNVERIFIED,0.5654806585597758,frozen,16262016,validation_kappa,5,0.44131067030453225,0.45565671339450664,0.4475318069907215,0.7164435475602838,UNREVIEWED,,complete_three_seed:interaction_aligned:channel_patch
CBraMod,tuev,interaction_aligned,channel_patch,42,tuev_cbramod_frozen_channel_patch_s42_r64_lr1e-4_b8_e20,/panfs/accrepfs.vampire/data/neurogroup/mingyangjiang/EEGxPlore/CBraMod/results/tuev/tuev_cbramod_frozen_channel_patch_s42_r64_lr1e-4_b8_e20,,PRIMARY_CANDIDATE,RQ1;RQ2,tuev_cbramod_frozen_axisblind_s42_r148_lr1e-4_b8_e20,channel_patch,PAIR_ARTIFACT_UNVERIFIED,0.5654806585597758,frozen,16262016,validation_kappa,13,0.44257555777800617,0.4638179195160819,0.4296084848679441,0.7066781414404987,UNREVIEWED,,complete_three_seed:interaction_aligned:channel_patch
CBraMod,tuev,generic_bottleneck,none,1024,tuev_cbramod_frozen_generic_s1024_r64_lr1e-4_b8_e20,/panfs/accrepfs.vampire/data/neurogroup/mingyangjiang/EEGxPlore/CBraMod/results/tuev/tuev_cbramod_frozen_generic_s1024_r64_lr1e-4_b8_e20,,PRIMARY_CANDIDATE,CONTEXT,,,,,trainable,16228671,validation_kappa,5,0.470090624206543,0.4704185500707072,0.4350475564059423,0.7078262531208811,UNREVIEWED,,complete_three_seed:generic_bottleneck:none
CBraMod,tuev,generic_bottleneck,none,3407,tuev_cbramod_frozen_generic_s3407_r64_lr1e-4_b8_e20,/panfs/accrepfs.vampire/data/neurogroup/mingyangjiang/EEGxPlore/CBraMod/results/tuev/tuev_cbramod_frozen_generic_s3407_r64_lr1e-4_b8_e20,,PRIMARY_CANDIDATE,CONTEXT,,,,,trainable,16228671,validation_kappa,9,0.4663839073369296,0.48218022065964816,0.4498019458688898,0.7170099526665192,UNREVIEWED,,complete_three_seed:generic_bottleneck:none
CBraMod,tuev,generic_bottleneck,none,42,tuev_cbramod_frozen_generic_s42_r64_lr1e-4_b8_e20,/panfs/accrepfs.vampire/data/neurogroup/mingyangjiang/EEGxPlore/CBraMod/results/tuev/tuev_cbramod_frozen_generic_s42_r64_lr1e-4_b8_e20,,PRIMARY_CANDIDATE,CONTEXT,,,,,trainable,16228671,validation_kappa,13,0.4469931134879503,0.4697045270602682,0.4388536472057195,0.7115076694982526,UNREVIEWED,,complete_three_seed:generic_bottleneck:none
CBraMod,tuev,lora,none,1024,tuev_cbramod_frozen_lora_qkv_r8_s1024_lr1e-4_b8_e20,/panfs/accrepfs.vampire/data/neurogroup/mingyangjiang/EEGxPlore/CBraMod/results/tuev/tuev_cbramod_frozen_lora_qkv_r8_s1024_lr1e-4_b8_e20,,PRIMARY_CANDIDATE,CONTEXT,,,,,trainable,16279206,validation_kappa,3,0.5510944352881163,0.5203032753126721,0.5481454694624113,0.7650521159912209,UNREVIEWED,,complete_three_seed:lora:none
CBraMod,tuev,lora,none,3407,tuev_cbramod_frozen_lora_qkv_r8_s3407_lr1e-4_b8_e20_resub,/panfs/accrepfs.vampire/data/neurogroup/mingyangjiang/EEGxPlore/CBraMod/results/tuev/tuev_cbramod_frozen_lora_qkv_r8_s3407_lr1e-4_b8_e20_resub,,PRIMARY_CANDIDATE,CONTEXT,,,,,trainable,16279206,validation_kappa,5,0.5487286893225037,0.5287687307521074,0.5310620215897752,0.7577905390019238,UNREVIEWED,,complete_three_seed:lora:none
CBraMod,tuev,lora,none,42,tuev_cbramod_frozen_lora_qkv_r8_s42_lr1e-4_b8_e20,/panfs/accrepfs.vampire/data/neurogroup/mingyangjiang/EEGxPlore/CBraMod/results/tuev/tuev_cbramod_frozen_lora_qkv_r8_s42_lr1e-4_b8_e20,,PRIMARY_CANDIDATE,CONTEXT,,,,,trainable,16279206,validation_kappa,12,0.5653152861956737,0.5306642713326668,0.554942498936728,0.7695771453261946,UNREVIEWED,,complete_three_seed:lora:none
CBraMod,tuev,frozen_probe,none,1024,tuev_cbramod_frozen_probe_s1024_lr1e-4_b8_e20,/panfs/accrepfs.vampire/data/neurogroup/mingyangjiang/EEGxPlore/CBraMod/results/tuev/tuev_cbramod_frozen_probe_s1024_lr1e-4_b8_e20,,PRIMARY_CANDIDATE,RQ1,,,,,frozen,16202406,validation_kappa,12,0.43595292064528185,0.45910019787391104,0.44978759623596287,0.7184126934262124,UNREVIEWED,,complete_three_seed:frozen_probe:none
CBraMod,tuev,frozen_probe,none,3407,tuev_cbramod_frozen_probe_s3407_lr1e-4_b8_e20,/panfs/accrepfs.vampire/data/neurogroup/mingyangjiang/EEGxPlore/CBraMod/results/tuev/tuev_cbramod_frozen_probe_s3407_lr1e-4_b8_e20,,PRIMARY_CANDIDATE,RQ1,,,,,frozen,16202406,validation_kappa,8,0.4622634660888078,0.4920758607718871,0.4888135786192056,0.737567363919175,UNREVIEWED,,complete_three_seed:frozen_probe:none
CBraMod,tuev,frozen_probe,none,42,tuev_cbramod_frozen_probe_s42_lr1e-4_b8_e20,/panfs/accrepfs.vampire/data/neurogroup/mingyangjiang/EEGxPlore/CBraMod/results/tuev/tuev_cbramod_frozen_probe_s42_lr1e-4_b8_e20,,PRIMARY_CANDIDATE,RQ1,,,,,frozen,16202406,validation_kappa,5,0.498625760073093,0.49270968095199646,0.47123591970337864,0.7276106191897643,UNREVIEWED,,complete_three_seed:frozen_probe:none
CBraMod,tuev,native_full_finetune,channel_patch,1024,tuev_cbramod_full_channel_patch_s1024_r64_lr1e-4_b8_e20,/panfs/accrepfs.vampire/data/neurogroup/mingyangjiang/EEGxPlore/CBraMod/results/tuev/tuev_cbramod_full_channel_patch_s1024_r64_lr1e-4_b8_e20,,PRIMARY_CANDIDATE,RQ3,,,,,trainable,21145816,validation_kappa,13,0.6255575977854203,0.5274170275146298,0.5750233439124852,0.7790799522252536,UNREVIEWED,,complete_three_seed:native_full_finetune:channel_patch
CBraMod,tuev,native_full_finetune,channel_patch,3407,tuev_cbramod_full_channel_patch_s3407_r64_lr1e-4_b8_e20,/panfs/accrepfs.vampire/data/neurogroup/mingyangjiang/EEGxPlore/CBraMod/results/tuev/tuev_cbramod_full_channel_patch_s3407_r64_lr1e-4_b8_e20,,PRIMARY_CANDIDATE,RQ3,,,,,trainable,21145816,validation_kappa,3,0.6499741122331651,0.6392993336050192,0.6479007690870572,0.8134913312080638,UNREVIEWED,,complete_three_seed:native_full_finetune:channel_patch
CBraMod,tuev,native_full_finetune,channel_patch,42,tuev_cbramod_full_channel_patch_s42_r64_lr1e-4_b8_e20,/panfs/accrepfs.vampire/data/neurogroup/mingyangjiang/EEGxPlore/CBraMod/results/tuev/tuev_cbramod_full_channel_patch_s42_r64_lr1e-4_b8_e20,,PRIMARY_CANDIDATE,RQ3,,,,,trainable,21145816,validation_kappa,2,0.6231449034225783,0.6044132413580896,0.6321316862110228,0.8071421920319624,UNREVIEWED,,complete_three_seed:native_full_finetune:channel_patch
CBraMod,tuev,upper_k_finetune,none,1024,tuev_cbramod_upper2_s1024_lr1e-4_b8_e20,/panfs/accrepfs.vampire/data/neurogroup/mingyangjiang/EEGxPlore/CBraMod/results/tuev/tuev_cbramod_upper2_s1024_lr1e-4_b8_e20,,PRIMARY_CANDIDATE,RQ3,,,,,trainable,17007606,validation_kappa,5,0.559305063549036,0.5403012667584285,0.5873000330256613,0.7845457193996405,UNREVIEWED,,complete_three_seed:upper_k_finetune:none
CBraMod,tuev,upper_k_finetune,none,3407,tuev_cbramod_upper2_s3407_lr1e-4_b8_e20,/panfs/accrepfs.vampire/data/neurogroup/mingyangjiang/EEGxPlore/CBraMod/results/tuev/tuev_cbramod_upper2_s3407_lr1e-4_b8_e20,,PRIMARY_CANDIDATE,RQ3,,,,,trainable,17007606,validation_kappa,3,0.5864484905521598,0.5114654896992662,0.5784001052910468,0.77960981233308,UNREVIEWED,,complete_three_seed:upper_k_finetune:none
CBraMod,tuev,upper_k_finetune,none,42,tuev_cbramod_upper2_s42_lr1e-4_b8_e20,/panfs/accrepfs.vampire/data/neurogroup/mingyangjiang/EEGxPlore/CBraMod/results/tuev/tuev_cbramod_upper2_s42_lr1e-4_b8_e20,,PRIMARY_CANDIDATE,RQ3,,,,,trainable,17007606,validation_kappa,9,0.524402037858733,0.5007928748295982,0.5261791368031639,0.7554505800208469,UNREVIEWED,,complete_three_seed:upper_k_finetune:none
LaBraM,TUEV,axis_blind,generic_token_control,1024,tuev_labram_axis_blind_b213_s1024_b64_lr5e-4_e15_scale100,/panfs/accrepfs.vampire/data/neurogroup/mingyangjiang/EEGxPlore/LaBraM/checkpoints/tuev_labram_axis_blind_b213_s1024_b64_lr5e-4_e15_scale100,,PRIMARY_CANDIDATE,RQ2,tuev_labram_axis_blind_b213_s1024_b64_lr5e-4_e15_scale100,channel_patch,PAIR_ARTIFACT_UNVERIFIED,0.23717069314297673,frozen,87220,validation_kappa,5,0.4297489266835283,,0.5260672304345931,0.751857384315639,UNREVIEWED,,complete_three_seed:axis_blind:generic_token_control
LaBraM,TUEV,axis_blind,generic_token_control,3407,tuev_labram_axis_blind_b213_s3407_b64_lr5e-4_e15_scale100,/panfs/accrepfs.vampire/data/neurogroup/mingyangjiang/EEGxPlore/LaBraM/checkpoints/tuev_labram_axis_blind_b213_s3407_b64_lr5e-4_e15_scale100,,PRIMARY_CANDIDATE,RQ2,tuev_labram_axis_blind_b213_s3407_b64_lr5e-4_e15_scale100,channel_patch,PAIR_ARTIFACT_UNVERIFIED,0.23717069314297673,frozen,87220,validation_kappa,5,0.43082288210020714,,0.5260089006630086,0.7517128976491558,UNREVIEWED,,complete_three_seed:axis_blind:generic_token_control
LaBraM,TUEV,axis_blind,generic_token_control,42,tuev_labram_axis_blind_b213_s42_b64_lr5e-4_e15_scale100,/panfs/accrepfs.vampire/data/neurogroup/mingyangjiang/EEGxPlore/LaBraM/checkpoints/tuev_labram_axis_blind_b213_s42_b64_lr5e-4_e15_scale100,,PRIMARY_CANDIDATE,RQ2,tuev_labram_axis_blind_b213_s42_b64_lr5e-4_e15_scale100,channel_patch,PAIR_ARTIFACT_UNVERIFIED,0.23717069314297673,frozen,87220,validation_kappa,5,0.4316529581471065,,0.5286269743140721,0.7532389595752711,UNREVIEWED,,complete_three_seed:axis_blind:generic_token_control
LaBraM,TUEV,frozen_native_channel_patch,channel_patch,1024,tuev_labram_frozen_channel_patch_lr5e-4_s1024_b64_e15_scale100,/panfs/accrepfs.vampire/data/neurogroup/mingyangjiang/EEGxPlore/LaBraM/checkpoints/tuev_labram_frozen_channel_patch_lr5e-4_s1024_b64_e15_scale100,,PRIMARY_CANDIDATE,RQ1;RQ2,tuev_labram_axis_blind_b213_s1024_b64_lr5e-4_e15_scale100,channel_patch,PAIR_ARTIFACT_UNVERIFIED,0.23717069314297673,frozen,87016,validation_kappa,3,0.3806402643698943,,0.45672501143136013,0.7089334400412954,UNREVIEWED,,complete_three_seed:frozen_native_channel_patch:channel_patch
LaBraM,TUEV,frozen_native_channel_patch,channel_patch,3407,tuev_labram_frozen_channel_patch_lr5e-4_s3407_b64_e15_scale100,/panfs/accrepfs.vampire/data/neurogroup/mingyangjiang/EEGxPlore/LaBraM/checkpoints/tuev_labram_frozen_channel_patch_lr5e-4_s3407_b64_e15_scale100,,PRIMARY_CANDIDATE,RQ1;RQ2,tuev_labram_axis_blind_b213_s3407_b64_lr5e-4_e15_scale100,channel_patch,PAIR_ARTIFACT_UNVERIFIED,0.23717069314297673,frozen,87016,validation_kappa,11,0.3815180323887642,,0.41657264005542294,0.6896527708113209,UNREVIEWED,,complete_three_seed:frozen_native_channel_patch:channel_patch
LaBraM,TUEV,frozen_native_channel_patch,channel_patch,42,tuev_labram_frozen_channel_patch_lr5e-4_s42_b64_e15_scale100,/panfs/accrepfs.vampire/data/neurogroup/mingyangjiang/EEGxPlore/LaBraM/checkpoints/tuev_labram_frozen_channel_patch_lr5e-4_s42_b64_e15_scale100,,PRIMARY_CANDIDATE,RQ1;RQ2,tuev_labram_axis_blind_b213_s42_b64_lr5e-4_e15_scale100,channel_patch,PAIR_ARTIFACT_UNVERIFIED,0.23717069314297673,frozen,87016,validation_kappa,5,0.41266905925860636,,0.5104404149071955,0.7408350916780715,UNREVIEWED,,complete_three_seed:frozen_native_channel_patch:channel_patch
LaBraM,TUEV,frozen_probe,none,1024,tuev_labram_frozen_dense_lr5e-4_s1024_b64_e15_scale100,/panfs/accrepfs.vampire/data/neurogroup/mingyangjiang/EEGxPlore/LaBraM/checkpoints/tuev_labram_frozen_dense_lr5e-4_s1024_b64_e15_scale100,,PRIMARY_CANDIDATE,RQ1,,,,,frozen,1206,validation_kappa,8,0.3657863675540372,,0.44681521755643017,0.7084236754238097,UNREVIEWED,,complete_three_seed:frozen_probe:none
LaBraM,TUEV,frozen_probe,none,3407,tuev_labram_frozen_dense_lr5e-4_s3407_b64_e15_scale100,/panfs/accrepfs.vampire/data/neurogroup/mingyangjiang/EEGxPlore/LaBraM/checkpoints/tuev_labram_frozen_dense_lr5e-4_s3407_b64_e15_scale100,,PRIMARY_CANDIDATE,RQ1,,,,,frozen,1206,validation_kappa,8,0.3657863675540372,,0.44681521755643017,0.7084236754238097,UNREVIEWED,,complete_three_seed:frozen_probe:none
LaBraM,TUEV,frozen_probe,none,42,tuev_labram_frozen_dense_lr5e-4_s42_b64_e15_scale100,/panfs/accrepfs.vampire/data/neurogroup/mingyangjiang/EEGxPlore/LaBraM/checkpoints/tuev_labram_frozen_dense_lr5e-4_s42_b64_e15_scale100,,PRIMARY_CANDIDATE,RQ1,,,,,frozen,1206,validation_kappa,8,0.3657863675540372,,0.44681521755643017,0.7084236754238097,UNREVIEWED,,complete_three_seed:frozen_probe:none
LaBraM,TUEV,frozen_native_generic,generic,1024,tuev_labram_generic_lr5e-4_s1024_b64_e15_scale100,/panfs/accrepfs.vampire/data/neurogroup/mingyangjiang/EEGxPlore/LaBraM/checkpoints/tuev_labram_generic_lr5e-4_s1024_b64_e15_scale100,,PRIMARY_CANDIDATE,CONTEXT,,,,,frozen,27471,validation_kappa,5,0.4222147152804263,,0.5301822109375504,0.7531304659998824,UNREVIEWED,,complete_three_seed:frozen_native_generic:generic
LaBraM,TUEV,frozen_native_generic,generic,3407,tuev_labram_generic_lr5e-4_s3407_b64_e15_scale100,/panfs/accrepfs.vampire/data/neurogroup/mingyangjiang/EEGxPlore/LaBraM/checkpoints/tuev_labram_generic_lr5e-4_s3407_b64_e15_scale100,,PRIMARY_CANDIDATE,CONTEXT,,,,,frozen,27471,validation_kappa,8,0.4424056685285543,,0.5039280129410464,0.7398735643764255,UNREVIEWED,,complete_three_seed:frozen_native_generic:generic
LaBraM,TUEV,frozen_native_generic,generic,42,tuev_labram_generic_lr5e-4_s42_b64_e15_scale100,/panfs/accrepfs.vampire/data/neurogroup/mingyangjiang/EEGxPlore/LaBraM/checkpoints/tuev_labram_generic_lr5e-4_s42_b64_e15_scale100,,PRIMARY_CANDIDATE,CONTEXT,,,,,frozen,27471,validation_kappa,8,0.44534336746787995,,0.5114098197426435,0.7442085989247073,UNREVIEWED,,complete_three_seed:frozen_native_generic:generic
LaBraM,TUEV,lora,qkv,1024,tuev_labram_lora_lr5e-4_s1024_b64_e15_scale100,/panfs/accrepfs.vampire/data/neurogroup/mingyangjiang/EEGxPlore/LaBraM/checkpoints/tuev_labram_lora_lr5e-4_s1024_b64_e15_scale100,,PRIMARY_CANDIDATE,CONTEXT,,,,,trainable,78006,validation_kappa,6,0.5544674620001503,,0.5778734723674348,0.7815878179803782,UNREVIEWED,,complete_three_seed:lora:qkv
LaBraM,TUEV,lora,qkv,3407,tuev_labram_lora_lr5e-4_s3407_b64_e15_scale100,/panfs/accrepfs.vampire/data/neurogroup/mingyangjiang/EEGxPlore/LaBraM/checkpoints/tuev_labram_lora_lr5e-4_s3407_b64_e15_scale100,,PRIMARY_CANDIDATE,CONTEXT,,,,,trainable,78006,validation_kappa,8,0.5977283322538559,,0.5649072383034774,0.7761774282002611,UNREVIEWED,,complete_three_seed:lora:qkv
LaBraM,TUEV,lora,qkv,42,tuev_labram_lora_lr5e-4_s42_b64_e15_scale100,/panfs/accrepfs.vampire/data/neurogroup/mingyangjiang/EEGxPlore/LaBraM/checkpoints/tuev_labram_lora_lr5e-4_s42_b64_e15_scale100,,PRIMARY_CANDIDATE,CONTEXT,,,,,trainable,78006,validation_kappa,5,0.5628134503483032,,0.6010881595771316,0.7906025463508185,UNREVIEWED,,complete_three_seed:lora:qkv
LaBraM,TUEV,upper2,upper,1024,tuev_labram_upper2_lr5e-4_s1024_b64_e15_scale100,/panfs/accrepfs.vampire/data/neurogroup/mingyangjiang/EEGxPlore/LaBraM/checkpoints/tuev_labram_upper2_lr5e-4_s1024_b64_e15_scale100,,PRIMARY_CANDIDATE,RQ3,,,,,trainable,966566,validation_kappa,4,0.5593111373142944,,0.5188681160984254,0.7525803704245614,UNREVIEWED,,complete_three_seed:upper2:upper
LaBraM,TUEV,upper2,upper,3407,tuev_labram_upper2_lr5e-4_s3407_b64_e15_scale100,/panfs/accrepfs.vampire/data/neurogroup/mingyangjiang/EEGxPlore/LaBraM/checkpoints/tuev_labram_upper2_lr5e-4_s3407_b64_e15_scale100,,PRIMARY_CANDIDATE,RQ3,,,,,trainable,966566,validation_kappa,1,0.5191840344640534,,0.5696205532498113,0.7740174522623927,UNREVIEWED,,complete_three_seed:upper2:upper
LaBraM,TUEV,upper2,upper,42,tuev_labram_upper2_lr5e-4_s42_b64_e15_scale100,/panfs/accrepfs.vampire/data/neurogroup/mingyangjiang/EEGxPlore/LaBraM/checkpoints/tuev_labram_upper2_lr5e-4_s42_b64_e15_scale100,,PRIMARY_CANDIDATE,RQ3,,,,,trainable,966566,validation_kappa,1,0.5452374561737329,,0.6028601446418473,0.7920364656582201,UNREVIEWED,,complete_three_seed:upper2:upper
